,name,position,TEAM,G,AB,R,H,2B,3B,HR,RBI,BB,SO,SB,CS,AVG,OBP,SLG,OPS
0,B Witt Jr.,SS,KC,161,636,125,211,45,11,32,109,57,106,31,12,0.332,0.389,0.588,0.977
1,L Arraez,1B,SD,150,637,83,200,32,3,4,46,24,29,9,3,0.314,0.346,0.392,0.738
2,V Guerrero Jr.,1B,TOR,159,616,98,199,44,1,30,103,72,96,2,2,0.323,0.396,0.544,0.94
3,S Ohtani,DH,LAD,159,636,134,197,38,7,54,130,81,162,59,4,0.31,0.39,0.646,1.036
4,J Duran,CF,BOS,160,671,111,191,48,14,21,75,54,160,34,7,0.285,0.342,0.492,0.834
5,J Altuve,2B,HOU,153,628,94,185,31,0,20,65,47,119,22,7,0.295,0.35,0.439,0.789
6,M Ozuna,DH,ATL,162,606,96,183,31,0,39,104,74,170,1,0,0.302,0.378,0.546,0.924
7,A Judge,CF,NYY,158,559,122,180,36,1,58,144,133,171,10,0,0.322,0.458,0.701,1.159
8,G Henderson,SS,BAL,159,630,118,177,31,7,37,92,78,159,21,4,0.281,0.364,0.529,0.893
9,E Tovar,SS,COL,157,655,83,176,45,4,26,78,23,200,6,5,0.269,0.295,0.469,0.764
10,Y Diaz,C,HOU,148,585,70,175,29,3,16,84,24,107,2,0,0.299,0.325,0.441,0.766
11,J Ramírez,3B,CLE,158,620,114,173,39,2,39,118,54,82,41,7,0.279,0.335,0.537,0.872
12,B Reynolds,LF,PIT,156,622,73,171,29,3,24,88,57,156,10,2,0.275,0.344,0.447,0.791
13,Y Alvarez,DH,HOU,147,552,88,170,34,2,35,86,69,95,6,0,0.308,0.392,0.567,0.959
14,F Lindor,SS,NYM,152,618,107,169,39,1,33,91,56,127,29,4,0.273,0.344,0.5,0.844
15,W Contreras,C,MIL,155,595,99,167,37,2,23,92,78,139,9,2,0.281,0.365,0.466,0.831
16,J Soto,RF,NYY,157,576,128,166,31,4,41,109,129,119,7,4,0.288,0.419,0.569,0.988
17,B Donovan,LF,STL,153,587,65,163,34,3,14,73,47,81,5,5,0.278,0.342,0.417,0.759
18,M Machado,3B,SD,152,593,77,163,30,0,29,105,45,124,11,2,0.275,0.325,0.472,0.797
19,J Merrill,CF,SD,156,554,77,162,31,6,24,90,29,101,16,3,0.292,0.326,0.5,0.826
20,E De La Cruz,SS,CIN,160,618,105,160,36,10,25,76,69,218,67,16,0.259,0.339,0.471,0.81
21,T Hernández,LF,LAD,154,589,84,160,32,2,33,99,53,188,12,3,0.272,0.339,0.501,0.84
22,S Perez,C,KC,158,590,58,160,28,0,27,104,44,129,0,0,0.271,0.33,0.456,0.786
23,J Peña,SS,HOU,157,602,78,160,28,2,15,70,25,111,20,6,0.266,0.308,0.394,0.702
24,B Rooker,DH,OAK,145,546,82,160,26,2,39,112,59,177,11,3,0.293,0.365,0.562,0.927
25,N Hoerner,2B,CHC,151,582,86,159,35,1,7,48,44,66,31,6,0.273,0.335,0.373,0.708
26,Y Díaz,1B,TB,145,563,55,158,31,1,14,65,50,95,0,0,0.281,0.341,0.414,0.755
27,J Profar,LF,SD,158,564,94,158,29,0,24,85,76,101,10,3,0.28,0.38,0.459,0.839
28,N Arenado,3B,STL,152,578,70,157,23,0,16,71,44,92,2,2,0.272,0.325,0.394,0.719
29,B Harper,1B,PHI,145,550,85,157,42,0,30,87,76,138,7,4,0.285,0.373,0.525,0.898
30,M Winn,SS,STL,150,587,85,157,32,5,15,57,41,109,11,5,0.267,0.314,0.416,0.73
31,A Bohm,3B,PHI,143,554,62,155,44,2,15,97,40,86,5,2,0.28,0.332,0.448,0.78
32,J Rodríguez,CF,SEA,143,567,76,155,17,0,20,68,38,156,24,5,0.273,0.325,0.409,0.734
33,A Volpe,SS,NYY,160,637,90,155,27,7,12,60,42,156,28,7,0.243,0.293,0.364,0.657
34,N Castellanos,RF,PHI,162,606,80,154,30,4,23,86,41,139,6,2,0.254,0.311,0.431,0.742
35,M Semien,2B,TEX,159,650,101,154,27,2,23,74,64,105,8,3,0.237,0.308,0.391,0.699
36,W Adames,SS,MIL,161,610,93,153,33,0,32,112,74,173,21,4,0.251,0.331,0.462,0.793
37,F Freeman,1B,LAD,147,542,81,153,35,2,22,89,78,100,9,2,0.282,0.378,0.476,0.854
38,A Bregman,3B,HOU,145,581,79,151,30,2,26,75,44,86,3,1,0.26,0.315,0.453,0.768
39,G Torres,2B,NYY,154,587,80,151,26,0,15,63,65,136,4,3,0.257,0.33,0.378,0.708
40,T Turner,SS,PHI,121,505,88,149,25,0,21,62,27,98,19,4,0.295,0.338,0.469,0.807
41,M Olson,1B,ATL,162,600,78,148,37,1,29,98,71,170,0,0,0.247,0.333,0.457,0.79
42,A Burleson,DH,STL,152,547,71,147,20,0,21,78,35,76,9,4,0.269,0.314,0.42,0.734
43,A Gimenez,2B,CLE,152,583,64,147,22,1,9,63,26,97,30,5,0.252,0.298,0.34,0.638
44,P Goldschmidt,1B,STL,154,599,70,147,33,1,22,65,47,173,11,0,0.245,0.302,0.414,0.716
45,K Marte,2B,AZ,136,504,93,147,23,2,36,95,65,106,7,1,0.292,0.372,0.56,0.932
46,P Alonso,1B,NYM,162,608,91,146,31,0,34,88,70,172,3,0,0.24,0.329,0.459,0.788
47,E Suárez,3B,AZ,158,571,90,146,28,2,30,101,49,176,2,1,0.256,0.319,0.469,0.788
48,J Chourio,LF,MIL,148,528,80,145,29,4,21,79,39,121,22,7,0.275,0.327,0.464,0.791
49,S Suzuki,RF,CHC,132,512,74,145,27,6,21,73,63,160,16,6,0.283,0.366,0.482,0.848
50,J Chisholm Jr.,3B,NYY,147,562,74,144,21,4,24,73,53,152,40,10,0.256,0.324,0.436,0.76
51,T Ward,LF,LAA,156,585,73,144,26,2,25,75,63,163,6,4,0.246,0.323,0.426,0.749
52,R Devers,3B,BOS,138,525,87,143,34,5,28,83,67,147,3,0,0.272,0.354,0.516,0.87
53,L Gurriel Jr.,LF,AZ,133,513,72,143,22,2,18,75,29,101,7,1,0.279,0.322,0.435,0.757
54,A Rutschman,C,BAL,148,571,68,143,21,1,19,79,58,103,1,0,0.25,0.318,0.391,0.709
55,M Chapman,3B,SF,154,575,98,142,39,2,27,78,64,158,15,2,0.247,0.328,0.463,0.791
56,K Schwarber,DH,PHI,150,573,110,142,22,0,38,104,106,197,5,3,0.248,0.366,0.485,0.851
57,B Turang,2B,MIL,155,559,72,142,24,4,7,57,50,105,50,6,0.254,0.316,0.349,0.665
58,B Doyle,CF,COL,149,542,82,141,24,4,23,72,46,153,30,5,0.26,0.317,0.446,0.763
59,L García Jr.,2B,WSH,140,500,58,141,25,1,18,70,27,86,22,5,0.282,0.318,0.444,0.762
60,O Cruz,SS,PIT,146,541,72,140,34,3,21,76,51,181,22,1,0.259,0.324,0.449,0.773
61,S Kwan,LF,CLE,122,480,83,140,16,3,14,44,53,51,12,5,0.292,0.368,0.425,0.793
62,A Santander,RF,BAL,155,595,91,140,25,2,44,102,58,129,2,0,0.235,0.308,0.506,0.814
63,A Vaughn,1B,CWS,149,570,55,140,30,1,19,70,38,132,2,0,0.246,0.297,0.402,0.699
64,J Bleday,CF,OAK,159,572,74,139,43,4,20,60,67,125,2,3,0.243,0.324,0.437,0.761
65,J Cronenworth,1B,SD,155,577,72,139,29,3,17,83,61,118,5,2,0.241,0.324,0.39,0.714
66,W Castro,SS,MIN,158,558,89,138,31,5,12,60,51,150,14,9,0.247,0.331,0.385,0.716
67,I Happ,LF,CHC,153,569,89,138,34,2,25,86,80,168,13,2,0.243,0.341,0.441,0.782
68,C Bellinger,RF,CHC,130,516,72,137,23,3,18,78,45,89,9,2,0.266,0.325,0.426,0.751
69,R McMahon,3B,COL,153,567,68,137,28,0,20,65,69,185,4,6,0.242,0.325,0.397,0.722
70,J Naylor,1B,CLE,152,563,84,137,27,0,31,108,58,105,6,2,0.243,0.32,0.456,0.776
71,C Carroll,CF,AZ,158,589,121,136,22,14,22,74,73,130,35,8,0.231,0.322,0.428,0.75
72,B De La Cruz,RF,PIT,149,584,61,136,25,0,21,68,29,170,5,2,0.233,0.271,0.384,0.655
73,Z Neto,SS,LAA,155,542,70,135,34,1,23,77,39,140,30,10,0.249,0.318,0.443,0.761
74,J Smith,3B,TEX,149,523,67,135,30,1,13,62,46,121,11,2,0.258,0.337,0.394,0.731
75,J Bell,1B,AZ,145,538,62,134,23,2,19,71,51,120,0,1,0.249,0.319,0.405,0.724
76,J Burger,1B,MIA,137,535,68,134,23,1,29,76,31,150,1,1,0.25,0.301,0.46,0.761
77,R Greene,LF,DET,137,512,82,134,27,6,24,74,64,156,4,2,0.262,0.348,0.479,0.827
78,C Keith,2B,DET,148,516,54,134,15,4,13,61,36,110,7,1,0.26,0.309,0.38,0.689
79,C Rafaela,CF,BOS,152,544,70,134,23,5,15,75,15,151,19,10,0.246,0.274,0.39,0.664
80,B Rodgers,2B,COL,135,501,67,134,29,1,13,54,31,132,1,0,0.267,0.314,0.407,0.721
81,C Abrams,SS,WSH,138,541,79,133,29,6,20,65,40,128,31,12,0.246,0.314,0.433,0.747
82,M Garcia,3B,KC,157,575,84,133,27,5,7,58,42,103,37,2,0.231,0.281,0.332,0.613
83,M Vierling,CF,DET,144,518,80,133,28,5,16,57,41,121,6,1,0.257,0.312,0.423,0.735
84,J India,2B,CIN,151,533,84,132,28,2,15,58,80,125,13,2,0.248,0.357,0.392,0.749
85,C Seager,SS,TEX,123,475,68,132,21,0,30,74,53,96,1,1,0.278,0.353,0.512,0.865
86,M Betts,SS,LAD,116,450,75,130,24,5,19,75,61,57,16,2,0.289,0.372,0.491,0.863
87,A García,RF,TEX,154,580,68,130,27,0,25,85,45,177,11,5,0.224,0.284,0.4,0.684
88,V Pasquantino,1B,KC,131,496,64,130,30,2,19,97,40,71,1,0,0.262,0.315,0.446,0.761
89,N Schanuel,1B,LAA,147,519,62,130,19,0,13,54,68,103,10,1,0.25,0.343,0.362,0.705
90,A Verdugo,LF,NYY,149,559,74,130,28,1,13,61,49,93,2,1,0.233,0.291,0.356,0.647
91,N Lowe,1B,TEX,140,486,62,129,16,1,16,69,71,125,2,0,0.265,0.361,0.401,0.762
92,I Paredes,3B,CHC,153,542,64,129,25,1,19,80,76,105,1,1,0.238,0.346,0.393,0.739
93,S Steer,LF,CIN,158,574,74,129,34,4,20,92,72,137,25,3,0.225,0.319,0.402,0.721
94,D Swanson,SS,CHC,149,534,82,129,27,2,16,66,54,144,19,3,0.242,0.312,0.39,0.702
95,R Mountcastle,1B,BAL,124,473,54,128,30,2,13,63,27,114,3,0,0.271,0.308,0.425,0.733
96,B Nimmo,LF,NYM,151,571,88,128,25,3,23,90,77,158,15,0,0.224,0.327,0.399,0.726
97,H Ramos,CF,SF,121,475,54,128,23,3,22,72,37,135,6,1,0.269,0.322,0.469,0.791
98,W Langford,LF,TEX,134,499,74,126,25,4,16,74,51,115,19,3,0.253,0.325,0.415,0.74
99,J McCarthy,RF,AZ,142,442,66,126,13,7,8,56,31,78,25,6,0.285,0.349,0.4,0.749
100,I Kiner-Falefa,SS,PIT,133,465,53,125,18,4,8,43,16,78,11,2,0.269,0.306,0.376,0.682
101,C Wong,C,BOS,126,447,54,125,24,1,13,52,28,114,8,7,0.28,0.333,0.425,0.758
102,C Santana,1B,MIN,150,521,63,124,26,0,23,71,65,99,4,0,0.238,0.328,0.42,0.748
103,B Stott,2B,PHI,148,506,65,124,19,2,11,57,53,93,32,3,0.245,0.315,0.356,0.671
104,M Busch,1B,CHC,152,496,73,123,28,2,21,65,63,162,2,1,0.248,0.335,0.44,0.775
105,S Frelick,RF,MIL,145,475,66,123,22,4,2,32,39,78,18,3,0.259,0.32,0.335,0.655
106,J Sánchez,RF,MIA,149,489,60,123,25,1,18,64,41,140,16,2,0.252,0.313,0.417,0.73
107,C Cowser,LF,BAL,153,499,77,121,24,3,24,69,52,172,9,4,0.242,0.321,0.447,0.768
108,O Arcia,SS,ATL,157,551,50,120,24,0,17,46,41,128,2,0,0.218,0.271,0.354,0.625
109,R Arozarena,LF,SEA,154,549,77,120,33,0,20,60,73,169,20,10,0.219,0.332,0.388,0.72
110,C Raleigh,C,SEA,153,546,73,120,16,0,34,100,70,176,6,1,0.22,0.312,0.436,0.748
111,G Springer,RF,TOR,145,545,74,120,19,3,19,56,60,115,16,1,0.22,0.303,0.371,0.674
112,C Walker,1B,AZ,130,479,72,120,26,0,26,84,55,133,2,2,0.251,0.335,0.468,0.803
113,J Young,CF,WSH,150,468,75,120,24,1,3,36,30,102,33,10,0.256,0.316,0.331,0.647
114,J Soler,RF,ATL,142,493,84,119,34,1,21,64,68,141,1,0,0.241,0.338,0.442,0.78
115,J Turner,1B,SEA,139,460,59,119,24,0,11,55,59,95,0,2,0.259,0.354,0.383,0.737
116,W Smith,C,LAD,128,476,77,118,24,2,20,75,51,105,1,1,0.248,0.327,0.433,0.76
117,T Stephenson,C,CIN,138,457,69,118,26,1,19,66,48,117,1,0,0.258,0.338,0.444,0.782
118,R O'Hearn,DH,BAL,142,443,60,117,21,3,15,59,46,69,3,1,0.264,0.334,0.427,0.761
119,L O'Hoppe,C,LAA,136,479,64,117,17,1,20,56,33,155,2,3,0.244,0.303,0.409,0.712
120,M Harris II,CF,ATL,110,440,58,116,14,3,16,48,23,94,10,6,0.264,0.304,0.418,0.722
121,C Blackmon,DH,COL,124,449,59,115,24,5,12,52,43,86,6,2,0.256,0.329,0.412,0.741
122,E Clement,3B,TOR,139,434,48,114,21,3,12,51,11,41,12,3,0.263,0.284,0.408,0.692
123,J Miranda,3B,MIN,121,401,44,114,28,4,9,49,18,66,2,2,0.284,0.322,0.441,0.763
124,X Bogaerts,2B,SD,111,428,50,113,15,1,11,44,28,79,13,3,0.264,0.307,0.381,0.688
125,T France,1B,CIN,140,479,46,112,24,0,13,51,38,114,1,1,0.234,0.305,0.365,0.67
126,L Thomas,CF,CLE,130,472,65,112,26,3,15,63,44,137,32,14,0.237,0.309,0.4,0.709
127,G Lux,2B,LAD,139,439,59,110,24,2,10,50,44,110,5,2,0.251,0.32,0.383,0.703
128,F Tatis Jr.,RF,SD,102,398,64,110,21,1,21,49,32,96,11,3,0.276,0.34,0.492,0.832
129,L Taveras,CF,TEX,151,480,59,110,17,3,12,44,42,112,23,6,0.229,0.289,0.352,0.641
130,M Vientos,3B,NYM,111,413,58,110,22,0,27,71,33,135,0,0,0.266,0.322,0.516,0.838
131,J Westburg,3B,BAL,107,416,57,110,26,5,18,63,22,97,6,3,0.264,0.312,0.481,0.793
132,A Benintendi,LF,CWS,135,477,50,109,20,0,20,64,41,96,3,2,0.229,0.289,0.396,0.685
133,O Lopez,2B,MIA,117,403,49,109,23,1,6,39,25,75,20,4,0.27,0.313,0.377,0.69
134,T Pham,LF,KC,116,440,49,109,20,3,9,39,35,106,7,3,0.248,0.305,0.368,0.673
135,A Riley,3B,ATL,110,425,63,109,26,2,19,56,37,118,0,0,0.256,0.322,0.461,0.783
136,J Winker,RF,NYM,145,430,63,109,23,0,14,58,63,106,14,4,0.253,0.36,0.405,0.765
137,L Butler,RF,OAK,125,412,63,108,24,2,22,57,35,108,18,0,0.262,0.317,0.49,0.807
138,M Dubón,LF,HOU,137,402,45,108,25,0,4,47,16,55,3,2,0.269,0.296,0.361,0.657
139,S Langeliers,C,OAK,137,482,58,108,18,2,29,80,41,145,4,2,0.224,0.288,0.45,0.738
140,G Urshela,3B,ATL,128,432,34,108,19,1,9,52,23,72,0,0,0.25,0.286,0.361,0.647
141,M Yoshida,DH,BOS,108,378,45,106,21,0,10,56,27,52,2,0,0.28,0.349,0.415,0.764
142,Z Gelof,2B,OAK,138,497,60,105,20,2,17,49,38,188,25,3,0.211,0.27,0.362,0.632
143,C Morel,2B,TB,152,535,56,105,11,3,21,60,61,159,8,7,0.196,0.288,0.346,0.634
144,J Ortiz,3B,MIL,142,440,58,105,25,6,11,60,56,103,11,6,0.239,0.329,0.398,0.727
145,K Ruiz,C,WSH,127,459,46,105,21,0,13,57,16,54,3,1,0.229,0.26,0.359,0.619
146,G Sheets,RF,CWS,139,451,35,105,24,1,10,45,43,106,2,2,0.233,0.303,0.357,0.66
147,M Conforto,LF,SF,130,438,56,104,27,3,20,66,42,118,0,1,0.237,0.309,0.45,0.759
148,B Marsh,LF,PHI,135,418,55,104,17,3,16,60,50,154,19,3,0.249,0.328,0.419,0.747
149,A McCutchen,DH,PIT,120,448,66,104,18,1,20,50,58,133,3,2,0.232,0.328,0.411,0.739
150,C Mullins,CF,BAL,147,444,69,104,16,3,18,54,41,98,32,6,0.234,0.305,0.405,0.71
151,J Martinez,DH,NYM,120,434,46,102,24,1,16,69,49,141,0,0,0.235,0.32,0.406,0.726
152,W Abreu,RF,BOS,132,399,59,101,33,2,15,58,40,125,8,3,0.253,0.322,0.459,0.781
153,P DeJong,3B,KC,139,445,54,101,17,0,24,56,23,156,2,2,0.227,0.276,0.427,0.703
154,J Heim,C,TEX,131,459,45,101,12,1,13,59,26,90,1,1,0.22,0.267,0.336,0.603
155,J McNeil,2B,NYM,129,424,57,101,26,0,12,44,35,68,5,1,0.238,0.308,0.384,0.692
156,J Meyers,CF,HOU,148,461,51,101,20,3,13,61,35,117,11,3,0.219,0.286,0.36,0.646
157,J Pederson,DH,AZ,132,367,62,101,17,1,23,64,55,105,7,4,0.275,0.393,0.515,0.908
158,J Realmuto,C,PHI,99,380,50,101,18,1,14,47,27,102,2,2,0.266,0.322,0.429,0.751
159,O Albies,2B,ATL,99,399,52,100,29,1,10,53,27,65,8,1,0.251,0.303,0.404,0.707
160,J Caballero,SS,TB,139,441,53,100,24,1,9,44,27,133,44,16,0.227,0.283,0.347,0.63
161,A Pages,CF,LAD,116,403,65,100,23,1,13,46,29,108,1,2,0.248,0.305,0.407,0.712
162,B Buxton,CF,MIN,102,355,62,99,27,3,18,56,20,99,7,2,0.279,0.335,0.524,0.859
163,C Correa,SS,MIN,86,319,55,99,20,2,14,54,40,61,0,0,0.31,0.388,0.517,0.905
164,T O'Neill,LF,BOS,113,411,74,99,18,0,31,61,53,159,4,0,0.241,0.336,0.511,0.847
165,M Yastrzemski,RF,SF,140,428,60,99,16,9,18,57,38,124,3,2,0.231,0.302,0.437,0.739
166,L Raley,LF,SEA,137,404,58,98,19,2,22,58,27,135,11,2,0.243,0.32,0.463,0.783
167,D Varsho,CF,TOR,136,459,73,98,21,7,18,58,48,137,10,2,0.214,0.293,0.407,0.7
168,J Fraley,RF,CIN,116,350,44,97,19,2,5,26,26,70,20,5,0.277,0.33,0.386,0.716
169,N Gonzales,2B,PIT,94,359,42,97,19,3,7,49,18,74,5,3,0.27,0.311,0.398,0.709
170,G Stanton,DH,NYY,114,417,49,97,20,0,27,72,38,143,0,0,0.233,0.298,0.475,0.773
171,J Candelario,3B,CIN,112,427,47,96,23,2,20,56,27,114,4,3,0.225,0.279,0.429,0.708
172,R Hoskins,1B,MIL,131,449,59,96,14,0,26,82,53,149,3,0,0.214,0.303,0.419,0.722
173,N Lopez,2B,CWS,124,398,40,96,12,3,1,21,37,67,5,7,0.241,0.312,0.294,0.606
174,H Bader,CF,NYM,143,402,57,95,19,0,12,51,21,95,17,8,0.236,0.284,0.373,0.657
175,B Witt Jr.,SS,KC,161,636,125,211,45,11,32,109,57,106,31,12,0.332,0.389,0.588,0.977
176,L Arraez,1B,SD,150,637,83,200,32,3,4,46,24,29,9,3,0.314,0.346,0.392,0.738
177,V Guerrero Jr.,1B,TOR,159,616,98,199,44,1,30,103,72,96,2,2,0.323,0.396,0.544,0.94
178,S Ohtani,DH,LAD,159,636,134,197,38,7,54,130,81,162,59,4,0.31,0.39,0.646,1.036
179,J Duran,CF,BOS,160,671,111,191,48,14,21,75,54,160,34,7,0.285,0.342,0.492,0.834
180,J Altuve,2B,HOU,153,628,94,185,31,0,20,65,47,119,22,7,0.295,0.35,0.439,0.789
181,M Ozuna,DH,ATL,162,606,96,183,31,0,39,104,74,170,1,0,0.302,0.378,0.546,0.924
182,A Judge,CF,NYY,158,559,122,180,36,1,58,144,133,171,10,0,0.322,0.458,0.701,1.159
183,G Henderson,SS,BAL,159,630,118,177,31,7,37,92,78,159,21,4,0.281,0.364,0.529,0.893
184,E Tovar,SS,COL,157,655,83,176,45,4,26,78,23,200,6,5,0.269,0.295,0.469,0.764
185,Y Diaz,C,HOU,148,585,70,175,29,3,16,84,24,107,2,0,0.299,0.325,0.441,0.766
186,J Ramírez,3B,CLE,158,620,114,173,39,2,39,118,54,82,41,7,0.279,0.335,0.537,0.872
187,B Reynolds,LF,PIT,156,622,73,171,29,3,24,88,57,156,10,2,0.275,0.344,0.447,0.791
188,Y Alvarez,DH,HOU,147,552,88,170,34,2,35,86,69,95,6,0,0.308,0.392,0.567,0.959
189,F Lindor,SS,NYM,152,618,107,169,39,1,33,91,56,127,29,4,0.273,0.344,0.5,0.844
190,W Contreras,C,MIL,155,595,99,167,37,2,23,92,78,139,9,2,0.281,0.365,0.466,0.831
191,J Soto,RF,NYY,157,576,128,166,31,4,41,109,129,119,7,4,0.288,0.419,0.569,0.988
192,B Donovan,LF,STL,153,587,65,163,34,3,14,73,47,81,5,5,0.278,0.342,0.417,0.759
193,M Machado,3B,SD,152,593,77,163,30,0,29,105,45,124,11,2,0.275,0.325,0.472,0.797
194,J Merrill,CF,SD,156,554,77,162,31,6,24,90,29,101,16,3,0.292,0.326,0.5,0.826
195,E De La Cruz,SS,CIN,160,618,105,160,36,10,25,76,69,218,67,16,0.259,0.339,0.471,0.81
196,T Hernández,LF,LAD,154,589,84,160,32,2,33,99,53,188,12,3,0.272,0.339,0.501,0.84
197,S Perez,C,KC,158,590,58,160,28,0,27,104,44,129,0,0,0.271,0.33,0.456,0.786
198,J Peña,SS,HOU,157,602,78,160,28,2,15,70,25,111,20,6,0.266,0.308,0.394,0.702
199,B Rooker,DH,OAK,145,546,82,160,26,2,39,112,59,177,11,3,0.293,0.365,0.562,0.927
200,N Hoerner,2B,CHC,151,582,86,159,35,1,7,48,44,66,31,6,0.273,0.335,0.373,0.708
201,Y Díaz,1B,TB,145,563,55,158,31,1,14,65,50,95,0,0,0.281,0.341,0.414,0.755
202,J Profar,LF,SD,158,564,94,158,29,0,24,85,76,101,10,3,0.28,0.38,0.459,0.839
203,N Arenado,3B,STL,152,578,70,157,23,0,16,71,44,92,2,2,0.272,0.325,0.394,0.719
204,B Harper,1B,PHI,145,550,85,157,42,0,30,87,76,138,7,4,0.285,0.373,0.525,0.898
205,M Winn,SS,STL,150,587,85,157,32,5,15,57,41,109,11,5,0.267,0.314,0.416,0.73
206,A Bohm,3B,PHI,143,554,62,155,44,2,15,97,40,86,5,2,0.28,0.332,0.448,0.78
207,J Rodríguez,CF,SEA,143,567,76,155,17,0,20,68,38,156,24,5,0.273,0.325,0.409,0.734
208,A Volpe,SS,NYY,160,637,90,155,27,7,12,60,42,156,28,7,0.243,0.293,0.364,0.657
209,N Castellanos,RF,PHI,162,606,80,154,30,4,23,86,41,139,6,2,0.254,0.311,0.431,0.742
210,M Semien,2B,TEX,159,650,101,154,27,2,23,74,64,105,8,3,0.237,0.308,0.391,0.699
211,W Adames,SS,MIL,161,610,93,153,33,0,32,112,74,173,21,4,0.251,0.331,0.462,0.793
212,F Freeman,1B,LAD,147,542,81,153,35,2,22,89,78,100,9,2,0.282,0.378,0.476,0.854
213,A Bregman,3B,HOU,145,581,79,151,30,2,26,75,44,86,3,1,0.26,0.315,0.453,0.768
214,G Torres,2B,NYY,154,587,80,151,26,0,15,63,65,136,4,3,0.257,0.33,0.378,0.708
215,T Turner,SS,PHI,121,505,88,149,25,0,21,62,27,98,19,4,0.295,0.338,0.469,0.807
216,M Olson,1B,ATL,162,600,78,148,37,1,29,98,71,170,0,0,0.247,0.333,0.457,0.79
217,A Burleson,DH,STL,152,547,71,147,20,0,21,78,35,76,9,4,0.269,0.314,0.42,0.734
218,A Gimenez,2B,CLE,152,583,64,147,22,1,9,63,26,97,30,5,0.252,0.298,0.34,0.638
219,P Goldschmidt,1B,STL,154,599,70,147,33,1,22,65,47,173,11,0,0.245,0.302,0.414,0.716
220,K Marte,2B,AZ,136,504,93,147,23,2,36,95,65,106,7,1,0.292,0.372,0.56,0.932
221,P Alonso,1B,NYM,162,608,91,146,31,0,34,88,70,172,3,0,0.24,0.329,0.459,0.788
222,E Suárez,3B,AZ,158,571,90,146,28,2,30,101,49,176,2,1,0.256,0.319,0.469,0.788
223,J Chourio,LF,MIL,148,528,80,145,29,4,21,79,39,121,22,7,0.275,0.327,0.464,0.791
224,S Suzuki,RF,CHC,132,512,74,145,27,6,21,73,63,160,16,6,0.283,0.366,0.482,0.848
225,J Chisholm Jr.,3B,NYY,147,562,74,144,21,4,24,73,53,152,40,10,0.256,0.324,0.436,0.76
226,T Ward,LF,LAA,156,585,73,144,26,2,25,75,63,163,6,4,0.246,0.323,0.426,0.749
227,R Devers,3B,BOS,138,525,87,143,34,5,28,83,67,147,3,0,0.272,0.354,0.516,0.87
228,L Gurriel Jr.,LF,AZ,133,513,72,143,22,2,18,75,29,101,7,1,0.279,0.322,0.435,0.757
229,A Rutschman,C,BAL,148,571,68,143,21,1,19,79,58,103,1,0,0.25,0.318,0.391,0.709
230,M Chapman,3B,SF,154,575,98,142,39,2,27,78,64,158,15,2,0.247,0.328,0.463,0.791
231,K Schwarber,DH,PHI,150,573,110,142,22,0,38,104,106,197,5,3,0.248,0.366,0.485,0.851
232,B Turang,2B,MIL,155,559,72,142,24,4,7,57,50,105,50,6,0.254,0.316,0.349,0.665
233,B Doyle,CF,COL,149,542,82,141,24,4,23,72,46,153,30,5,0.26,0.317,0.446,0.763
234,L García Jr.,2B,WSH,140,500,58,141,25,1,18,70,27,86,22,5,0.282,0.318,0.444,0.762
235,O Cruz,SS,PIT,146,541,72,140,34,3,21,76,51,181,22,1,0.259,0.324,0.449,0.773
236,S Kwan,LF,CLE,122,480,83,140,16,3,14,44,53,51,12,5,0.292,0.368,0.425,0.793
237,A Santander,RF,BAL,155,595,91,140,25,2,44,102,58,129,2,0,0.235,0.308,0.506,0.814
238,A Vaughn,1B,CWS,149,570,55,140,30,1,19,70,38,132,2,0,0.246,0.297,0.402,0.699
239,J Bleday,CF,OAK,159,572,74,139,43,4,20,60,67,125,2,3,0.243,0.324,0.437,0.761
240,J Cronenworth,1B,SD,155,577,72,139,29,3,17,83,61,118,5,2,0.241,0.324,0.39,0.714
241,W Castro,SS,MIN,158,558,89,138,31,5,12,60,51,150,14,9,0.247,0.331,0.385,0.716
242,I Happ,LF,CHC,153,569,89,138,34,2,25,86,80,168,13,2,0.243,0.341,0.441,0.782
243,C Bellinger,RF,CHC,130,516,72,137,23,3,18,78,45,89,9,2,0.266,0.325,0.426,0.751
244,R McMahon,3B,COL,153,567,68,137,28,0,20,65,69,185,4,6,0.242,0.325,0.397,0.722
245,J Naylor,1B,CLE,152,563,84,137,27,0,31,108,58,105,6,2,0.243,0.32,0.456,0.776
246,C Carroll,CF,AZ,158,589,121,136,22,14,22,74,73,130,35,8,0.231,0.322,0.428,0.75
247,B De La Cruz,RF,PIT,149,584,61,136,25,0,21,68,29,170,5,2,0.233,0.271,0.384,0.655
248,Z Neto,SS,LAA,155,542,70,135,34,1,23,77,39,140,30,10,0.249,0.318,0.443,0.761
249,J Smith,3B,TEX,149,523,67,135,30,1,13,62,46,121,11,2,0.258,0.337,0.394,0.731
250,J Bell,1B,AZ,145,538,62,134,23,2,19,71,51,120,0,1,0.249,0.319,0.405,0.724
251,J Burger,1B,MIA,137,535,68,134,23,1,29,76,31,150,1,1,0.25,0.301,0.46,0.761
252,R Greene,LF,DET,137,512,82,134,27,6,24,74,64,156,4,2,0.262,0.348,0.479,0.827
253,C Keith,2B,DET,148,516,54,134,15,4,13,61,36,110,7,1,0.26,0.309,0.38,0.689
254,C Rafaela,CF,BOS,152,544,70,134,23,5,15,75,15,151,19,10,0.246,0.274,0.39,0.664
255,B Rodgers,2B,COL,135,501,67,134,29,1,13,54,31,132,1,0,0.267,0.314,0.407,0.721
256,C Abrams,SS,WSH,138,541,79,133,29,6,20,65,40,128,31,12,0.246,0.314,0.433,0.747
257,M Garcia,3B,KC,157,575,84,133,27,5,7,58,42,103,37,2,0.231,0.281,0.332,0.613
258,M Vierling,CF,DET,144,518,80,133,28,5,16,57,41,121,6,1,0.257,0.312,0.423,0.735
259,J India,2B,CIN,151,533,84,132,28,2,15,58,80,125,13,2,0.248,0.357,0.392,0.749
260,C Seager,SS,TEX,123,475,68,132,21,0,30,74,53,96,1,1,0.278,0.353,0.512,0.865
261,M Betts,SS,LAD,116,450,75,130,24,5,19,75,61,57,16,2,0.289,0.372,0.491,0.863
262,A García,RF,TEX,154,580,68,130,27,0,25,85,45,177,11,5,0.224,0.284,0.4,0.684
263,V Pasquantino,1B,KC,131,496,64,130,30,2,19,97,40,71,1,0,0.262,0.315,0.446,0.761
264,N Schanuel,1B,LAA,147,519,62,130,19,0,13,54,68,103,10,1,0.25,0.343,0.362,0.705
265,A Verdugo,LF,NYY,149,559,74,130,28,1,13,61,49,93,2,1,0.233,0.291,0.356,0.647
266,N Lowe,1B,TEX,140,486,62,129,16,1,16,69,71,125,2,0,0.265,0.361,0.401,0.762
267,I Paredes,3B,CHC,153,542,64,129,25,1,19,80,76,105,1,1,0.238,0.346,0.393,0.739
268,S Steer,LF,CIN,158,574,74,129,34,4,20,92,72,137,25,3,0.225,0.319,0.402,0.721
269,D Swanson,SS,CHC,149,534,82,129,27,2,16,66,54,144,19,3,0.242,0.312,0.39,0.702
270,R Mountcastle,1B,BAL,124,473,54,128,30,2,13,63,27,114,3,0,0.271,0.308,0.425,0.733
271,B Nimmo,LF,NYM,151,571,88,128,25,3,23,90,77,158,15,0,0.224,0.327,0.399,0.726
272,H Ramos,CF,SF,121,475,54,128,23,3,22,72,37,135,6,1,0.269,0.322,0.469,0.791
273,W Langford,LF,TEX,134,499,74,126,25,4,16,74,51,115,19,3,0.253,0.325,0.415,0.74
274,J McCarthy,RF,AZ,142,442,66,126,13,7,8,56,31,78,25,6,0.285,0.349,0.4,0.749
275,I Kiner-Falefa,SS,PIT,133,465,53,125,18,4,8,43,16,78,11,2,0.269,0.306,0.376,0.682
276,C Wong,C,BOS,126,447,54,125,24,1,13,52,28,114,8,7,0.28,0.333,0.425,0.758
277,C Santana,1B,MIN,150,521,63,124,26,0,23,71,65,99,4,0,0.238,0.328,0.42,0.748
278,B Stott,2B,PHI,148,506,65,124,19,2,11,57,53,93,32,3,0.245,0.315,0.356,0.671
279,M Busch,1B,CHC,152,496,73,123,28,2,21,65,63,162,2,1,0.248,0.335,0.44,0.775
280,S Frelick,RF,MIL,145,475,66,123,22,4,2,32,39,78,18,3,0.259,0.32,0.335,0.655
281,J Sánchez,RF,MIA,149,489,60,123,25,1,18,64,41,140,16,2,0.252,0.313,0.417,0.73
282,C Cowser,LF,BAL,153,499,77,121,24,3,24,69,52,172,9,4,0.242,0.321,0.447,0.768
283,O Arcia,SS,ATL,157,551,50,120,24,0,17,46,41,128,2,0,0.218,0.271,0.354,0.625
284,R Arozarena,LF,SEA,154,549,77,120,33,0,20,60,73,169,20,10,0.219,0.332,0.388,0.72
285,C Raleigh,C,SEA,153,546,73,120,16,0,34,100,70,176,6,1,0.22,0.312,0.436,0.748
286,G Springer,RF,TOR,145,545,74,120,19,3,19,56,60,115,16,1,0.22,0.303,0.371,0.674
287,C Walker,1B,AZ,130,479,72,120,26,0,26,84,55,133,2,2,0.251,0.335,0.468,0.803
288,J Young,CF,WSH,150,468,75,120,24,1,3,36,30,102,33,10,0.256,0.316,0.331,0.647
289,J Soler,RF,ATL,142,493,84,119,34,1,21,64,68,141,1,0,0.241,0.338,0.442,0.78
290,J Turner,1B,SEA,139,460,59,119,24,0,11,55,59,95,0,2,0.259,0.354,0.383,0.737
291,W Smith,C,LAD,128,476,77,118,24,2,20,75,51,105,1,1,0.248,0.327,0.433,0.76
292,T Stephenson,C,CIN,138,457,69,118,26,1,19,66,48,117,1,0,0.258,0.338,0.444,0.782
293,R O'Hearn,DH,BAL,142,443,60,117,21,3,15,59,46,69,3,1,0.264,0.334,0.427,0.761
294,L O'Hoppe,C,LAA,136,479,64,117,17,1,20,56,33,155,2,3,0.244,0.303,0.409,0.712
295,M Harris II,CF,ATL,110,440,58,116,14,3,16,48,23,94,10,6,0.264,0.304,0.418,0.722
296,C Blackmon,DH,COL,124,449,59,115,24,5,12,52,43,86,6,2,0.256,0.329,0.412,0.741
297,E Clement,3B,TOR,139,434,48,114,21,3,12,51,11,41,12,3,0.263,0.284,0.408,0.692
298,J Miranda,3B,MIN,121,401,44,114,28,4,9,49,18,66,2,2,0.284,0.322,0.441,0.763
299,X Bogaerts,2B,SD,111,428,50,113,15,1,11,44,28,79,13,3,0.264,0.307,0.381,0.688
300,T France,1B,CIN,140,479,46,112,24,0,13,51,38,114,1,1,0.234,0.305,0.365,0.67
301,L Thomas,CF,CLE,130,472,65,112,26,3,15,63,44,137,32,14,0.237,0.309,0.4,0.709
302,G Lux,2B,LAD,139,439,59,110,24,2,10,50,44,110,5,2,0.251,0.32,0.383,0.703
303,F Tatis Jr.,RF,SD,102,398,64,110,21,1,21,49,32,96,11,3,0.276,0.34,0.492,0.832
304,L Taveras,CF,TEX,151,480,59,110,17,3,12,44,42,112,23,6,0.229,0.289,0.352,0.641
305,M Vientos,3B,NYM,111,413,58,110,22,0,27,71,33,135,0,0,0.266,0.322,0.516,0.838
306,J Westburg,3B,BAL,107,416,57,110,26,5,18,63,22,97,6,3,0.264,0.312,0.481,0.793
307,A Benintendi,LF,CWS,135,477,50,109,20,0,20,64,41,96,3,2,0.229,0.289,0.396,0.685
308,O Lopez,2B,MIA,117,403,49,109,23,1,6,39,25,75,20,4,0.27,0.313,0.377,0.69
309,T Pham,LF,KC,116,440,49,109,20,3,9,39,35,106,7,3,0.248,0.305,0.368,0.673
310,A Riley,3B,ATL,110,425,63,109,26,2,19,56,37,118,0,0,0.256,0.322,0.461,0.783
311,J Winker,RF,NYM,145,430,63,109,23,0,14,58,63,106,14,4,0.253,0.36,0.405,0.765
312,L Butler,RF,OAK,125,412,63,108,24,2,22,57,35,108,18,0,0.262,0.317,0.49,0.807
313,M Dubón,LF,HOU,137,402,45,108,25,0,4,47,16,55,3,2,0.269,0.296,0.361,0.657
314,S Langeliers,C,OAK,137,482,58,108,18,2,29,80,41,145,4,2,0.224,0.288,0.45,0.738
315,G Urshela,3B,ATL,128,432,34,108,19,1,9,52,23,72,0,0,0.25,0.286,0.361,0.647
316,M Yoshida,DH,BOS,108,378,45,106,21,0,10,56,27,52,2,0,0.28,0.349,0.415,0.764
317,Z Gelof,2B,OAK,138,497,60,105,20,2,17,49,38,188,25,3,0.211,0.27,0.362,0.632
318,C Morel,2B,TB,152,535,56,105,11,3,21,60,61,159,8,7,0.196,0.288,0.346,0.634
319,J Ortiz,3B,MIL,142,440,58,105,25,6,11,60,56,103,11,6,0.239,0.329,0.398,0.727
320,K Ruiz,C,WSH,127,459,46,105,21,0,13,57,16,54,3,1,0.229,0.26,0.359,0.619
321,G Sheets,RF,CWS,139,451,35,105,24,1,10,45,43,106,2,2,0.233,0.303,0.357,0.66
322,M Conforto,LF,SF,130,438,56,104,27,3,20,66,42,118,0,1,0.237,0.309,0.45,0.759
323,B Marsh,LF,PHI,135,418,55,104,17,3,16,60,50,154,19,3,0.249,0.328,0.419,0.747
324,A McCutchen,DH,PIT,120,448,66,104,18,1,20,50,58,133,3,2,0.232,0.328,0.411,0.739
325,C Mullins,CF,BAL,147,444,69,104,16,3,18,54,41,98,32,6,0.234,0.305,0.405,0.71
326,J Martinez,DH,NYM,120,434,46,102,24,1,16,69,49,141,0,0,0.235,0.32,0.406,0.726
327,W Abreu,RF,BOS,132,399,59,101,33,2,15,58,40,125,8,3,0.253,0.322,0.459,0.781
328,P DeJong,3B,KC,139,445,54,101,17,0,24,56,23,156,2,2,0.227,0.276,0.427,0.703
329,J Heim,C,TEX,131,459,45,101,12,1,13,59,26,90,1,1,0.22,0.267,0.336,0.603
330,J McNeil,2B,NYM,129,424,57,101,26,0,12,44,35,68,5,1,0.238,0.308,0.384,0.692
331,J Meyers,CF,HOU,148,461,51,101,20,3,13,61,35,117,11,3,0.219,0.286,0.36,0.646
332,J Pederson,DH,AZ,132,367,62,101,17,1,23,64,55,105,7,4,0.275,0.393,0.515,0.908
333,J Realmuto,C,PHI,99,380,50,101,18,1,14,47,27,102,2,2,0.266,0.322,0.429,0.751
334,O Albies,2B,ATL,99,399,52,100,29,1,10,53,27,65,8,1,0.251,0.303,0.404,0.707
335,J Caballero,SS,TB,139,441,53,100,24,1,9,44,27,133,44,16,0.227,0.283,0.347,0.63
336,A Pages,CF,LAD,116,403,65,100,23,1,13,46,29,108,1,2,0.248,0.305,0.407,0.712
337,B Buxton,CF,MIN,102,355,62,99,27,3,18,56,20,99,7,2,0.279,0.335,0.524,0.859
338,C Correa,SS,MIN,86,319,55,99,20,2,14,54,40,61,0,0,0.31,0.388,0.517,0.905
339,T O'Neill,LF,BOS,113,411,74,99,18,0,31,61,53,159,4,0,0.241,0.336,0.511,0.847
340,M Yastrzemski,RF,SF,140,428,60,99,16,9,18,57,38,124,3,2,0.231,0.302,0.437,0.739
341,L Raley,LF,SEA,137,404,58,98,19,2,22,58,27,135,11,2,0.243,0.32,0.463,0.783
342,D Varsho,CF,TOR,136,459,73,98,21,7,18,58,48,137,10,2,0.214,0.293,0.407,0.7
343,J Fraley,RF,CIN,116,350,44,97,19,2,5,26,26,70,20,5,0.277,0.33,0.386,0.716
344,N Gonzales,2B,PIT,94,359,42,97,19,3,7,49,18,74,5,3,0.27,0.311,0.398,0.709
345,G Stanton,DH,NYY,114,417,49,97,20,0,27,72,38,143,0,0,0.233,0.298,0.475,0.773
346,J Candelario,3B,CIN,112,427,47,96,23,2,20,56,27,114,4,3,0.225,0.279,0.429,0.708
347,R Hoskins,1B,MIL,131,449,59,96,14,0,26,82,53,149,3,0,0.214,0.303,0.419,0.722
348,N Lopez,2B,CWS,124,398,40,96,12,3,1,21,37,67,5,7,0.241,0.312,0.294,0.606
349,H Bader,CF,NYM,143,402,57,95,19,0,12,51,21,95,17,8,0.236,0.284,0.373,0.657
350,B Witt Jr.,SS,KC,161,636,125,211,45,11,32,109,57,106,31,12,0.332,0.389,0.588,0.977
351,L Arraez,1B,SD,150,637,83,200,32,3,4,46,24,29,9,3,0.314,0.346,0.392,0.738
352,V Guerrero Jr.,1B,TOR,159,616,98,199,44,1,30,103,72,96,2,2,0.323,0.396,0.544,0.94
353,S Ohtani,DH,LAD,159,636,134,197,38,7,54,130,81,162,59,4,0.31,0.39,0.646,1.036
354,J Duran,CF,BOS,160,671,111,191,48,14,21,75,54,160,34,7,0.285,0.342,0.492,0.834
355,J Altuve,2B,HOU,153,628,94,185,31,0,20,65,47,119,22,7,0.295,0.35,0.439,0.789
356,M Ozuna,DH,ATL,162,606,96,183,31,0,39,104,74,170,1,0,0.302,0.378,0.546,0.924
357,A Judge,CF,NYY,158,559,122,180,36,1,58,144,133,171,10,0,0.322,0.458,0.701,1.159
358,G Henderson,SS,BAL,159,630,118,177,31,7,37,92,78,159,21,4,0.281,0.364,0.529,0.893
359,E Tovar,SS,COL,157,655,83,176,45,4,26,78,23,200,6,5,0.269,0.295,0.469,0.764
360,Y Diaz,C,HOU,148,585,70,175,29,3,16,84,24,107,2,0,0.299,0.325,0.441,0.766
361,J Ramírez,3B,CLE,158,620,114,173,39,2,39,118,54,82,41,7,0.279,0.335,0.537,0.872
362,B Reynolds,LF,PIT,156,622,73,171,29,3,24,88,57,156,10,2,0.275,0.344,0.447,0.791
363,Y Alvarez,DH,HOU,147,552,88,170,34,2,35,86,69,95,6,0,0.308,0.392,0.567,0.959
364,F Lindor,SS,NYM,152,618,107,169,39,1,33,91,56,127,29,4,0.273,0.344,0.5,0.844
365,W Contreras,C,MIL,155,595,99,167,37,2,23,92,78,139,9,2,0.281,0.365,0.466,0.831
366,J Soto,RF,NYY,157,576,128,166,31,4,41,109,129,119,7,4,0.288,0.419,0.569,0.988
367,B Donovan,LF,STL,153,587,65,163,34,3,14,73,47,81,5,5,0.278,0.342,0.417,0.759
368,M Machado,3B,SD,152,593,77,163,30,0,29,105,45,124,11,2,0.275,0.325,0.472,0.797
369,J Merrill,CF,SD,156,554,77,162,31,6,24,90,29,101,16,3,0.292,0.326,0.5,0.826
370,E De La Cruz,SS,CIN,160,618,105,160,36,10,25,76,69,218,67,16,0.259,0.339,0.471,0.81
371,T Hernández,LF,LAD,154,589,84,160,32,2,33,99,53,188,12,3,0.272,0.339,0.501,0.84
372,S Perez,C,KC,158,590,58,160,28,0,27,104,44,129,0,0,0.271,0.33,0.456,0.786
373,J Peña,SS,HOU,157,602,78,160,28,2,15,70,25,111,20,6,0.266,0.308,0.394,0.702
374,B Rooker,DH,OAK,145,546,82,160,26,2,39,112,59,177,11,3,0.293,0.365,0.562,0.927
375,N Hoerner,2B,CHC,151,582,86,159,35,1,7,48,44,66,31,6,0.273,0.335,0.373,0.708
376,Y Díaz,1B,TB,145,563,55,158,31,1,14,65,50,95,0,0,0.281,0.341,0.414,0.755
377,J Profar,LF,SD,158,564,94,158,29,0,24,85,76,101,10,3,0.28,0.38,0.459,0.839
378,N Arenado,3B,STL,152,578,70,157,23,0,16,71,44,92,2,2,0.272,0.325,0.394,0.719
379,B Harper,1B,PHI,145,550,85,157,42,0,30,87,76,138,7,4,0.285,0.373,0.525,0.898
380,M Winn,SS,STL,150,587,85,157,32,5,15,57,41,109,11,5,0.267,0.314,0.416,0.73
381,A Bohm,3B,PHI,143,554,62,155,44,2,15,97,40,86,5,2,0.28,0.332,0.448,0.78
382,J Rodríguez,CF,SEA,143,567,76,155,17,0,20,68,38,156,24,5,0.273,0.325,0.409,0.734
383,A Volpe,SS,NYY,160,637,90,155,27,7,12,60,42,156,28,7,0.243,0.293,0.364,0.657
384,N Castellanos,RF,PHI,162,606,80,154,30,4,23,86,41,139,6,2,0.254,0.311,0.431,0.742
385,M Semien,2B,TEX,159,650,101,154,27,2,23,74,64,105,8,3,0.237,0.308,0.391,0.699
386,W Adames,SS,MIL,161,610,93,153,33,0,32,112,74,173,21,4,0.251,0.331,0.462,0.793
387,F Freeman,1B,LAD,147,542,81,153,35,2,22,89,78,100,9,2,0.282,0.378,0.476,0.854
388,A Bregman,3B,HOU,145,581,79,151,30,2,26,75,44,86,3,1,0.26,0.315,0.453,0.768
389,G Torres,2B,NYY,154,587,80,151,26,0,15,63,65,136,4,3,0.257,0.33,0.378,0.708
390,T Turner,SS,PHI,121,505,88,149,25,0,21,62,27,98,19,4,0.295,0.338,0.469,0.807
391,M Olson,1B,ATL,162,600,78,148,37,1,29,98,71,170,0,0,0.247,0.333,0.457,0.79
392,A Burleson,DH,STL,152,547,71,147,20,0,21,78,35,76,9,4,0.269,0.314,0.42,0.734
393,A Gimenez,2B,CLE,152,583,64,147,22,1,9,63,26,97,30,5,0.252,0.298,0.34,0.638
394,P Goldschmidt,1B,STL,154,599,70,147,33,1,22,65,47,173,11,0,0.245,0.302,0.414,0.716
395,K Marte,2B,AZ,136,504,93,147,23,2,36,95,65,106,7,1,0.292,0.372,0.56,0.932
396,P Alonso,1B,NYM,162,608,91,146,31,0,34,88,70,172,3,0,0.24,0.329,0.459,0.788
397,E Suárez,3B,AZ,158,571,90,146,28,2,30,101,49,176,2,1,0.256,0.319,0.469,0.788
398,J Chourio,LF,MIL,148,528,80,145,29,4,21,79,39,121,22,7,0.275,0.327,0.464,0.791
399,S Suzuki,RF,CHC,132,512,74,145,27,6,21,73,63,160,16,6,0.283,0.366,0.482,0.848
400,J Chisholm Jr.,3B,NYY,147,562,74,144,21,4,24,73,53,152,40,10,0.256,0.324,0.436,0.76
401,T Ward,LF,LAA,156,585,73,144,26,2,25,75,63,163,6,4,0.246,0.323,0.426,0.749
402,R Devers,3B,BOS,138,525,87,143,34,5,28,83,67,147,3,0,0.272,0.354,0.516,0.87
403,L Gurriel Jr.,LF,AZ,133,513,72,143,22,2,18,75,29,101,7,1,0.279,0.322,0.435,0.757
404,A Rutschman,C,BAL,148,571,68,143,21,1,19,79,58,103,1,0,0.25,0.318,0.391,0.709
405,M Chapman,3B,SF,154,575,98,142,39,2,27,78,64,158,15,2,0.247,0.328,0.463,0.791
406,K Schwarber,DH,PHI,150,573,110,142,22,0,38,104,106,197,5,3,0.248,0.366,0.485,0.851
407,B Turang,2B,MIL,155,559,72,142,24,4,7,57,50,105,50,6,0.254,0.316,0.349,0.665
408,B Doyle,CF,COL,149,542,82,141,24,4,23,72,46,153,30,5,0.26,0.317,0.446,0.763
409,L García Jr.,2B,WSH,140,500,58,141,25,1,18,70,27,86,22,5,0.282,0.318,0.444,0.762
410,O Cruz,SS,PIT,146,541,72,140,34,3,21,76,51,181,22,1,0.259,0.324,0.449,0.773
411,S Kwan,LF,CLE,122,480,83,140,16,3,14,44,53,51,12,5,0.292,0.368,0.425,0.793
412,A Santander,RF,BAL,155,595,91,140,25,2,44,102,58,129,2,0,0.235,0.308,0.506,0.814
413,A Vaughn,1B,CWS,149,570,55,140,30,1,19,70,38,132,2,0,0.246,0.297,0.402,0.699
414,J Bleday,CF,OAK,159,572,74,139,43,4,20,60,67,125,2,3,0.243,0.324,0.437,0.761
415,J Cronenworth,1B,SD,155,577,72,139,29,3,17,83,61,118,5,2,0.241,0.324,0.39,0.714
416,W Castro,SS,MIN,158,558,89,138,31,5,12,60,51,150,14,9,0.247,0.331,0.385,0.716
417,I Happ,LF,CHC,153,569,89,138,34,2,25,86,80,168,13,2,0.243,0.341,0.441,0.782
418,C Bellinger,RF,CHC,130,516,72,137,23,3,18,78,45,89,9,2,0.266,0.325,0.426,0.751
419,R McMahon,3B,COL,153,567,68,137,28,0,20,65,69,185,4,6,0.242,0.325,0.397,0.722
420,J Naylor,1B,CLE,152,563,84,137,27,0,31,108,58,105,6,2,0.243,0.32,0.456,0.776
421,C Carroll,CF,AZ,158,589,121,136,22,14,22,74,73,130,35,8,0.231,0.322,0.428,0.75
422,B De La Cruz,RF,PIT,149,584,61,136,25,0,21,68,29,170,5,2,0.233,0.271,0.384,0.655
423,Z Neto,SS,LAA,155,542,70,135,34,1,23,77,39,140,30,10,0.249,0.318,0.443,0.761
424,J Smith,3B,TEX,149,523,67,135,30,1,13,62,46,121,11,2,0.258,0.337,0.394,0.731
425,J Bell,1B,AZ,145,538,62,134,23,2,19,71,51,120,0,1,0.249,0.319,0.405,0.724
426,J Burger,1B,MIA,137,535,68,134,23,1,29,76,31,150,1,1,0.25,0.301,0.46,0.761
427,R Greene,LF,DET,137,512,82,134,27,6,24,74,64,156,4,2,0.262,0.348,0.479,0.827
428,C Keith,2B,DET,148,516,54,134,15,4,13,61,36,110,7,1,0.26,0.309,0.38,0.689
429,C Rafaela,CF,BOS,152,544,70,134,23,5,15,75,15,151,19,10,0.246,0.274,0.39,0.664
430,B Rodgers,2B,COL,135,501,67,134,29,1,13,54,31,132,1,0,0.267,0.314,0.407,0.721
431,C Abrams,SS,WSH,138,541,79,133,29,6,20,65,40,128,31,12,0.246,0.314,0.433,0.747
432,M Garcia,3B,KC,157,575,84,133,27,5,7,58,42,103,37,2,0.231,0.281,0.332,0.613
433,M Vierling,CF,DET,144,518,80,133,28,5,16,57,41,121,6,1,0.257,0.312,0.423,0.735
434,J India,2B,CIN,151,533,84,132,28,2,15,58,80,125,13,2,0.248,0.357,0.392,0.749
435,C Seager,SS,TEX,123,475,68,132,21,0,30,74,53,96,1,1,0.278,0.353,0.512,0.865
436,M Betts,SS,LAD,116,450,75,130,24,5,19,75,61,57,16,2,0.289,0.372,0.491,0.863
437,A García,RF,TEX,154,580,68,130,27,0,25,85,45,177,11,5,0.224,0.284,0.4,0.684
438,V Pasquantino,1B,KC,131,496,64,130,30,2,19,97,40,71,1,0,0.262,0.315,0.446,0.761
439,N Schanuel,1B,LAA,147,519,62,130,19,0,13,54,68,103,10,1,0.25,0.343,0.362,0.705
440,A Verdugo,LF,NYY,149,559,74,130,28,1,13,61,49,93,2,1,0.233,0.291,0.356,0.647
441,N Lowe,1B,TEX,140,486,62,129,16,1,16,69,71,125,2,0,0.265,0.361,0.401,0.762
442,I Paredes,3B,CHC,153,542,64,129,25,1,19,80,76,105,1,1,0.238,0.346,0.393,0.739
443,S Steer,LF,CIN,158,574,74,129,34,4,20,92,72,137,25,3,0.225,0.319,0.402,0.721
444,D Swanson,SS,CHC,149,534,82,129,27,2,16,66,54,144,19,3,0.242,0.312,0.39,0.702
445,R Mountcastle,1B,BAL,124,473,54,128,30,2,13,63,27,114,3,0,0.271,0.308,0.425,0.733
446,B Nimmo,LF,NYM,151,571,88,128,25,3,23,90,77,158,15,0,0.224,0.327,0.399,0.726
447,H Ramos,CF,SF,121,475,54,128,23,3,22,72,37,135,6,1,0.269,0.322,0.469,0.791
448,W Langford,LF,TEX,134,499,74,126,25,4,16,74,51,115,19,3,0.253,0.325,0.415,0.74
449,J McCarthy,RF,AZ,142,442,66,126,13,7,8,56,31,78,25,6,0.285,0.349,0.4,0.749
450,I Kiner-Falefa,SS,PIT,133,465,53,125,18,4,8,43,16,78,11,2,0.269,0.306,0.376,0.682
451,C Wong,C,BOS,126,447,54,125,24,1,13,52,28,114,8,7,0.28,0.333,0.425,0.758
452,C Santana,1B,MIN,150,521,63,124,26,0,23,71,65,99,4,0,0.238,0.328,0.42,0.748
453,B Stott,2B,PHI,148,506,65,124,19,2,11,57,53,93,32,3,0.245,0.315,0.356,0.671
454,M Busch,1B,CHC,152,496,73,123,28,2,21,65,63,162,2,1,0.248,0.335,0.44,0.775
455,S Frelick,RF,MIL,145,475,66,123,22,4,2,32,39,78,18,3,0.259,0.32,0.335,0.655
456,J Sánchez,RF,MIA,149,489,60,123,25,1,18,64,41,140,16,2,0.252,0.313,0.417,0.73
457,C Cowser,LF,BAL,153,499,77,121,24,3,24,69,52,172,9,4,0.242,0.321,0.447,0.768
458,O Arcia,SS,ATL,157,551,50,120,24,0,17,46,41,128,2,0,0.218,0.271,0.354,0.625
459,R Arozarena,LF,SEA,154,549,77,120,33,0,20,60,73,169,20,10,0.219,0.332,0.388,0.72
460,C Raleigh,C,SEA,153,546,73,120,16,0,34,100,70,176,6,1,0.22,0.312,0.436,0.748
461,G Springer,RF,TOR,145,545,74,120,19,3,19,56,60,115,16,1,0.22,0.303,0.371,0.674
462,C Walker,1B,AZ,130,479,72,120,26,0,26,84,55,133,2,2,0.251,0.335,0.468,0.803
463,J Young,CF,WSH,150,468,75,120,24,1,3,36,30,102,33,10,0.256,0.316,0.331,0.647
464,J Soler,RF,ATL,142,493,84,119,34,1,21,64,68,141,1,0,0.241,0.338,0.442,0.78
465,J Turner,1B,SEA,139,460,59,119,24,0,11,55,59,95,0,2,0.259,0.354,0.383,0.737
466,W Smith,C,LAD,128,476,77,118,24,2,20,75,51,105,1,1,0.248,0.327,0.433,0.76
467,T Stephenson,C,CIN,138,457,69,118,26,1,19,66,48,117,1,0,0.258,0.338,0.444,0.782
468,R O'Hearn,DH,BAL,142,443,60,117,21,3,15,59,46,69,3,1,0.264,0.334,0.427,0.761
469,L O'Hoppe,C,LAA,136,479,64,117,17,1,20,56,33,155,2,3,0.244,0.303,0.409,0.712
470,M Harris II,CF,ATL,110,440,58,116,14,3,16,48,23,94,10,6,0.264,0.304,0.418,0.722
471,C Blackmon,DH,COL,124,449,59,115,24,5,12,52,43,86,6,2,0.256,0.329,0.412,0.741
472,E Clement,3B,TOR,139,434,48,114,21,3,12,51,11,41,12,3,0.263,0.284,0.408,0.692
473,J Miranda,3B,MIN,121,401,44,114,28,4,9,49,18,66,2,2,0.284,0.322,0.441,0.763
474,X Bogaerts,2B,SD,111,428,50,113,15,1,11,44,28,79,13,3,0.264,0.307,0.381,0.688
475,T France,1B,CIN,140,479,46,112,24,0,13,51,38,114,1,1,0.234,0.305,0.365,0.67
476,L Thomas,CF,CLE,130,472,65,112,26,3,15,63,44,137,32,14,0.237,0.309,0.4,0.709
477,G Lux,2B,LAD,139,439,59,110,24,2,10,50,44,110,5,2,0.251,0.32,0.383,0.703
478,F Tatis Jr.,RF,SD,102,398,64,110,21,1,21,49,32,96,11,3,0.276,0.34,0.492,0.832
479,L Taveras,CF,TEX,151,480,59,110,17,3,12,44,42,112,23,6,0.229,0.289,0.352,0.641
480,M Vientos,3B,NYM,111,413,58,110,22,0,27,71,33,135,0,0,0.266,0.322,0.516,0.838
481,J Westburg,3B,BAL,107,416,57,110,26,5,18,63,22,97,6,3,0.264,0.312,0.481,0.793
482,A Benintendi,LF,CWS,135,477,50,109,20,0,20,64,41,96,3,2,0.229,0.289,0.396,0.685
483,O Lopez,2B,MIA,117,403,49,109,23,1,6,39,25,75,20,4,0.27,0.313,0.377,0.69
484,T Pham,LF,KC,116,440,49,109,20,3,9,39,35,106,7,3,0.248,0.305,0.368,0.673
485,A Riley,3B,ATL,110,425,63,109,26,2,19,56,37,118,0,0,0.256,0.322,0.461,0.783
486,J Winker,RF,NYM,145,430,63,109,23,0,14,58,63,106,14,4,0.253,0.36,0.405,0.765
487,L Butler,RF,OAK,125,412,63,108,24,2,22,57,35,108,18,0,0.262,0.317,0.49,0.807
488,M Dubón,LF,HOU,137,402,45,108,25,0,4,47,16,55,3,2,0.269,0.296,0.361,0.657
489,S Langeliers,C,OAK,137,482,58,108,18,2,29,80,41,145,4,2,0.224,0.288,0.45,0.738
490,G Urshela,3B,ATL,128,432,34,108,19,1,9,52,23,72,0,0,0.25,0.286,0.361,0.647
491,M Yoshida,DH,BOS,108,378,45,106,21,0,10,56,27,52,2,0,0.28,0.349,0.415,0.764
492,Z Gelof,2B,OAK,138,497,60,105,20,2,17,49,38,188,25,3,0.211,0.27,0.362,0.632
493,C Morel,2B,TB,152,535,56,105,11,3,21,60,61,159,8,7,0.196,0.288,0.346,0.634
494,J Ortiz,3B,MIL,142,440,58,105,25,6,11,60,56,103,11,6,0.239,0.329,0.398,0.727
495,K Ruiz,C,WSH,127,459,46,105,21,0,13,57,16,54,3,1,0.229,0.26,0.359,0.619
496,G Sheets,RF,CWS,139,451,35,105,24,1,10,45,43,106,2,2,0.233,0.303,0.357,0.66
497,M Conforto,LF,SF,130,438,56,104,27,3,20,66,42,118,0,1,0.237,0.309,0.45,0.759
498,B Marsh,LF,PHI,135,418,55,104,17,3,16,60,50,154,19,3,0.249,0.328,0.419,0.747
499,A McCutchen,DH,PIT,120,448,66,104,18,1,20,50,58,133,3,2,0.232,0.328,0.411,0.739
500,C Mullins,CF,BAL,147,444,69,104,16,3,18,54,41,98,32,6,0.234,0.305,0.405,0.71
501,J Martinez,DH,NYM,120,434,46,102,24,1,16,69,49,141,0,0,0.235,0.32,0.406,0.726
502,W Abreu,RF,BOS,132,399,59,101,33,2,15,58,40,125,8,3,0.253,0.322,0.459,0.781
503,P DeJong,3B,KC,139,445,54,101,17,0,24,56,23,156,2,2,0.227,0.276,0.427,0.703
504,J Heim,C,TEX,131,459,45,101,12,1,13,59,26,90,1,1,0.22,0.267,0.336,0.603
505,J McNeil,2B,NYM,129,424,57,101,26,0,12,44,35,68,5,1,0.238,0.308,0.384,0.692
506,J Meyers,CF,HOU,148,461,51,101,20,3,13,61,35,117,11,3,0.219,0.286,0.36,0.646
507,J Pederson,DH,AZ,132,367,62,101,17,1,23,64,55,105,7,4,0.275,0.393,0.515,0.908
508,J Realmuto,C,PHI,99,380,50,101,18,1,14,47,27,102,2,2,0.266,0.322,0.429,0.751
509,O Albies,2B,ATL,99,399,52,100,29,1,10,53,27,65,8,1,0.251,0.303,0.404,0.707
510,J Caballero,SS,TB,139,441,53,100,24,1,9,44,27,133,44,16,0.227,0.283,0.347,0.63
511,A Pages,CF,LAD,116,403,65,100,23,1,13,46,29,108,1,2,0.248,0.305,0.407,0.712
512,B Buxton,CF,MIN,102,355,62,99,27,3,18,56,20,99,7,2,0.279,0.335,0.524,0.859
513,C Correa,SS,MIN,86,319,55,99,20,2,14,54,40,61,0,0,0.31,0.388,0.517,0.905
514,T O'Neill,LF,BOS,113,411,74,99,18,0,31,61,53,159,4,0,0.241,0.336,0.511,0.847
515,M Yastrzemski,RF,SF,140,428,60,99,16,9,18,57,38,124,3,2,0.231,0.302,0.437,0.739
516,L Raley,LF,SEA,137,404,58,98,19,2,22,58,27,135,11,2,0.243,0.32,0.463,0.783
517,D Varsho,CF,TOR,136,459,73,98,21,7,18,58,48,137,10,2,0.214,0.293,0.407,0.7
518,J Fraley,RF,CIN,116,350,44,97,19,2,5,26,26,70,20,5,0.277,0.33,0.386,0.716
519,N Gonzales,2B,PIT,94,359,42,97,19,3,7,49,18,74,5,3,0.27,0.311,0.398,0.709
520,G Stanton,DH,NYY,114,417,49,97,20,0,27,72,38,143,0,0,0.233,0.298,0.475,0.773
521,J Candelario,3B,CIN,112,427,47,96,23,2,20,56,27,114,4,3,0.225,0.279,0.429,0.708
522,R Hoskins,1B,MIL,131,449,59,96,14,0,26,82,53,149,3,0,0.214,0.303,0.419,0.722
523,N Lopez,2B,CWS,124,398,40,96,12,3,1,21,37,67,5,7,0.241,0.312,0.294,0.606
524,H Bader,CF,NYM,143,402,57,95,19,0,12,51,21,95,17,8,0.236,0.284,0.373,0.657
525,M Canha,1B,SF,125,393,46,95,20,0,7,42,51,96,7,0,0.242,0.344,0.346,0.69
526,J Kelenic,LF,ATL,131,412,49,95,18,2,15,45,32,133,7,2,0.231,0.286,0.393,0.679
527,J Rojas,3B,SEA,143,422,48,95,19,2,8,31,46,108,10,4,0.225,0.304,0.336,0.64
528,P Bailey,C,SF,121,401,46,94,16,1,8,46,39,100,4,0,0.234,0.298,0.339,0.637
529,H Kim,SS,SD,121,403,60,94,16,3,11,47,58,77,22,5,0.233,0.33,0.37,0.7
530,B Lowe,2B,TB,107,385,56,94,19,3,21,58,33,112,5,1,0.244,0.311,0.473,0.784
531,W Pérez,RF,DET,112,389,51,94,16,6,9,37,32,92,9,5,0.242,0.3,0.383,0.683
532,R Jeffers,C,MIN,122,412,56,93,22,0,21,64,32,94,3,0,0.226,0.3,0.432,0.732
533,M Kepler,RF,MIN,105,368,43,93,21,1,8,42,22,80,1,0,0.253,0.302,0.38,0.682
534,A Rosario,DH,CIN,103,332,29,93,18,3,3,32,9,73,13,5,0.28,0.306,0.38,0.686
535,R Tellez,1B,PIT,132,383,38,93,18,0,13,56,31,89,1,0,0.243,0.299,0.392,0.691
536,F Fermin,C,KC,111,339,40,92,14,0,6,36,23,66,2,0,0.271,0.319,0.366,0.685
537,T Larnach,DH,MIN,112,355,59,92,17,0,15,52,40,89,4,1,0.259,0.338,0.434,0.772
538,G Perdomo,SS,AZ,98,337,61,92,21,2,3,37,36,58,9,1,0.273,0.344,0.374,0.718
539,B Perkins,CF,MIL,121,383,54,92,13,2,6,43,42,108,23,5,0.24,0.316,0.332,0.648
540,J Iglesias,2B,NYM,85,270,39,91,16,1,4,26,12,39,6,2,0.337,0.381,0.448,0.829
541,S Marte,RF,NYM,94,335,46,90,13,3,7,40,27,81,16,1,0.269,0.327,0.388,0.715
542,J Polanco,2B,SEA,118,417,43,89,11,0,16,45,46,137,4,2,0.213,0.296,0.355,0.651
543,L Sosa,3B,CWS,100,351,28,89,13,0,8,35,12,77,3,1,0.254,0.283,0.359,0.642
544,P Crow-Armstrong,CF,CHC,123,372,46,88,13,6,10,47,21,98,27,3,0.237,0.286,0.384,0.67
545,S Espinal,3B,CIN,118,357,32,88,12,0,9,45,24,54,11,1,0.246,0.295,0.356,0.651
546,T Fitzgerald,SS,SF,96,314,53,88,19,2,15,34,22,108,17,4,0.28,0.334,0.497,0.831
547,D Fry,DH,CLE,122,335,44,88,18,1,14,51,42,84,4,1,0.263,0.356,0.448,0.804
548,K Isbel,CF,KC,136,384,62,88,13,8,8,42,27,88,11,2,0.229,0.287,0.367,0.654
549,H Renfroe,RF,KC,120,385,44,88,18,0,15,52,36,84,1,1,0.229,0.297,0.392,0.689
550,L Robert Jr.,CF,CWS,100,393,47,88,19,0,14,35,28,141,23,6,0.224,0.278,0.379,0.657
551,W Brennan,RF,CLE,114,330,37,87,13,2,8,30,19,48,4,2,0.264,0.309,0.388,0.697
552,X Edwards,SS,MIA,70,265,39,87,12,5,1,26,33,52,31,4,0.328,0.397,0.423,0.82
553,S Horwitz,1B,TOR,97,328,46,87,19,0,12,40,42,70,0,0,0.265,0.357,0.433,0.79
554,M Rojas,SS,LAD,103,307,41,87,21,0,6,36,23,34,8,2,0.283,0.337,0.41,0.747
555,M Schuemann,SS,OAK,133,396,55,87,14,0,7,34,47,119,14,1,0.22,0.311,0.308,0.619
556,M Toglia,1B,COL,116,399,62,87,14,3,25,55,54,147,10,1,0.218,0.311,0.456,0.767
557,M Andujar,LF,OAK,75,302,31,86,14,1,4,30,13,42,3,2,0.285,0.32,0.377,0.697
558,S Brown,LF,OAK,124,372,32,86,11,1,14,44,25,112,4,2,0.231,0.283,0.379,0.662
559,E Díaz,C,SD,96,325,27,86,20,0,6,39,20,69,0,0,0.265,0.313,0.382,0.695
560,A Kirk,C,TOR,103,340,23,86,19,1,5,54,35,51,0,0,0.253,0.319,0.359,0.678
561,M Massey,2B,KC,100,332,45,86,17,2,14,45,15,56,1,0,0.259,0.294,0.449,0.743
562,M Moniak,CF,LAA,124,392,48,86,17,2,14,49,21,114,8,4,0.219,0.266,0.38,0.646
563,L Wade Jr.,1B,SF,117,331,45,86,16,0,8,34,62,90,2,1,0.26,0.38,0.381,0.761
564,K Hayes,3B,PIT,96,365,38,85,9,0,4,25,23,75,11,2,0.233,0.283,0.29,0.573
565,J Lowe,RF,TB,106,353,37,85,19,2,10,34,32,123,25,1,0.241,0.302,0.391,0.693
566,M Melendez,LF,KC,135,412,44,85,23,3,17,44,35,113,4,4,0.206,0.273,0.4,0.673
567,L Nootbaar,RF,STL,109,348,39,85,18,3,12,45,52,79,7,3,0.244,0.342,0.417,0.759
568,L Rengifo,3B,LAA,78,283,41,85,13,1,6,30,16,44,24,7,0.3,0.347,0.417,0.764
569,J Triolo,3B,PIT,125,394,41,85,10,1,9,46,42,118,8,1,0.216,0.296,0.315,0.611
570,C Yelich,LF,MIL,73,270,44,85,12,3,11,42,40,58,21,1,0.315,0.406,0.504,0.91
571,J Adell,RF,LAA,130,405,54,84,15,2,20,62,35,126,15,10,0.207,0.28,0.402,0.682
572,K Hernández,3B,LAD,126,362,44,83,16,0,12,42,27,77,0,0,0.229,0.281,0.373,0.654
573,C Joe,1B,PIT,123,364,49,83,22,1,9,36,44,91,2,2,0.228,0.32,0.368,0.688
574,J Singleton,1B,HOU,119,355,46,83,13,1,13,42,47,111,0,0,0.234,0.321,0.386,0.707
575,J Rojas,CF,PHI,120,338,47,82,12,3,3,32,13,69,25,4,0.243,0.279,0.322,0.601
576,J Cave,RF,COL,123,323,42,81,16,5,7,37,18,98,5,2,0.251,0.29,0.396,0.686
577,G Moreno,C,AZ,97,305,39,81,18,1,5,45,41,52,3,1,0.266,0.353,0.38,0.733
578,D Solano,X,SD,96,283,31,81,13,0,8,35,22,65,2,1,0.286,0.343,0.417,0.76
579,A Toro,3B,OAK,94,337,34,81,17,1,6,26,20,62,4,2,0.24,0.293,0.35,0.643
580,A Wells,C,NYY,115,354,42,81,18,1,13,55,47,87,1,2,0.229,0.322,0.395,0.717
581,K Newman,SS,AZ,111,288,41,80,17,1,3,28,15,48,8,1,0.278,0.311,0.375,0.686
582,K Tucker,RF,HOU,78,277,56,80,13,0,23,49,56,54,11,0,0.289,0.408,0.585,0.993
583,W Contreras,C,STL,84,301,48,79,17,0,15,36,45,96,4,1,0.262,0.38,0.468,0.848
584,J Crawford,SS,SEA,105,392,55,79,16,2,9,37,52,102,5,0,0.202,0.304,0.321,0.625
585,T Estrada,2B,SF,96,364,43,79,15,2,9,47,10,76,2,2,0.217,0.247,0.343,0.59
586,M Haniger,RF,SEA,121,380,42,79,12,0,12,44,40,126,0,0,0.208,0.286,0.334,0.62
587,K Lee,C,CWS,125,377,36,79,14,1,12,37,17,122,6,3,0.21,0.244,0.347,0.591
588,B Rocchio,SS,CLE,143,383,50,79,18,0,8,36,44,90,10,6,0.206,0.298,0.316,0.614
589,T Taylor,RF,NYM,130,319,47,79,22,3,7,35,19,80,11,2,0.248,0.299,0.401,0.7
590,V Robles,CF,SEA,91,254,44,78,20,0,4,28,21,53,34,2,0.307,0.381,0.433,0.814
591,J Wood,LF,WSH,79,295,43,78,13,4,9,41,39,97,14,8,0.264,0.354,0.427,0.781
592,E Jiménez,DH,BAL,98,324,25,77,14,0,6,23,22,70,3,0,0.238,0.289,0.336,0.625
593,R Refsnyder,LF,BOS,93,272,32,77,16,1,11,40,28,78,2,2,0.283,0.359,0.471,0.83
594,A Rizzo,1B,NYY,92,337,38,77,12,0,8,35,27,65,0,0,0.228,0.301,0.335,0.636
595,M Amaya,C,CHC,117,328,32,76,13,2,8,47,23,62,0,0,0.232,0.288,0.357,0.645
596,D Schneider,LF,TOR,135,397,48,76,19,1,13,46,47,144,6,0,0.191,0.282,0.343,0.625
597,K Carpenter,RF,DET,87,264,37,75,16,5,18,57,22,75,0,2,0.284,0.345,0.587,0.932
598,M Margot,LF,MIN,129,315,37,75,17,1,4,31,21,54,5,0,0.238,0.289,0.337,0.626
599,J Siri,CF,TB,130,402,50,75,16,1,18,47,31,170,14,7,0.187,0.255,0.366,0.621
600,S Torkelson,1B,DET,92,342,45,75,21,1,10,37,33,105,0,0,0.219,0.295,0.374,0.669
601,O Cabrera,3B,NYY,109,299,47,74,11,0,8,36,21,63,4,2,0.247,0.296,0.365,0.661
602,N Gorman,2B,STL,107,365,42,74,15,0,19,50,34,151,6,1,0.203,0.271,0.4,0.671
603,R Grichuk,X,AZ,106,254,40,74,20,2,12,46,20,46,0,0,0.291,0.348,0.528,0.876
604,R Laureano,RF,ATL,98,286,35,74,16,1,11,33,15,96,8,3,0.259,0.311,0.437,0.748
605,D Moore,3B,SEA,135,368,53,74,23,4,10,42,53,123,32,6,0.201,0.32,0.367,0.687
606,M Tauchman,RF,CHC,109,298,50,74,12,1,7,29,47,70,6,2,0.248,0.357,0.366,0.723
607,F Alvarez,C,NYM,100,308,39,73,14,2,11,47,30,86,1,1,0.237,0.307,0.403,0.71
608,D Hamilton,SS,BOS,98,294,47,73,17,1,8,28,22,80,33,4,0.248,0.303,0.395,0.698
609,T d'Arnaud,C,ATL,99,307,40,73,16,0,15,48,24,89,1,0,0.238,0.302,0.436,0.738
610,J DeLuca,RF,TB,107,332,29,72,12,4,6,31,24,77,16,6,0.217,0.278,0.331,0.609
611,B Naylor,C,CLE,123,354,39,71,10,2,13,39,29,122,6,3,0.201,0.264,0.35,0.614
612,B Bichette,SS,TOR,81,311,29,70,16,1,4,31,20,64,5,1,0.225,0.277,0.322,0.599
613,N Fortes,C,MIA,110,308,28,70,16,0,4,29,11,41,0,1,0.227,0.259,0.318,0.577
614,T Freeman,CF,CLE,118,330,48,69,14,1,7,32,28,53,11,6,0.209,0.305,0.321,0.626
615,I Herrera,C,STL,72,229,37,69,12,1,5,27,25,53,5,0,0.301,0.372,0.428,0.8
616,R Urías,3B,BAL,100,272,39,69,9,2,11,37,23,55,1,1,0.254,0.322,0.423,0.745
617,R Lewis,3B,MIN,82,292,40,68,16,0,16,47,28,74,0,0,0.233,0.295,0.452,0.747
618,M Siani,CF,STL,124,298,42,68,7,2,2,20,21,92,20,3,0.228,0.285,0.285,0.57
619,J Bart,C,PIT,80,253,38,67,11,0,13,45,22,73,0,0,0.265,0.337,0.462,0.799
620,T Friedl,CF,CIN,85,297,35,67,5,1,13,55,26,52,9,1,0.226,0.31,0.38,0.69
621,C Kelly,C,TEX,91,281,32,67,9,1,9,37,25,55,0,0,0.238,0.313,0.374,0.687
622,I Vargas,3B,WSH,97,272,21,67,16,0,1,30,19,31,9,4,0.246,0.295,0.316,0.611
623,V Caratini,C,HOU,87,245,30,66,8,1,8,30,23,53,0,1,0.269,0.336,0.408,0.744
624,E Duran,3B,TEX,92,268,26,66,11,0,3,20,14,63,1,2,0.246,0.288,0.321,0.609
625,P Meadows,CF,DET,82,270,39,66,12,6,9,28,25,76,9,4,0.244,0.31,0.433,0.743
626,B Rortvedt,C,TB,112,290,27,66,13,0,3,31,34,88,1,0,0.228,0.317,0.303,0.62
627,J Meneses,1B,WSH,76,281,19,65,11,0,3,42,21,63,2,0,0.231,0.291,0.302,0.593
628,W Merrifield,2B,ATL,95,293,44,65,9,3,4,15,35,52,17,3,0.222,0.311,0.314,0.625
629,K Pillar,CF,LAA,100,284,38,65,16,1,8,45,16,69,12,3,0.229,0.291,0.377,0.668
630,C Vázquez,C,MIN,93,294,29,65,10,0,7,27,11,65,3,1,0.221,0.248,0.327,0.575
631,W Benson,LF,CIN,128,343,41,64,19,2,14,43,40,154,16,7,0.187,0.274,0.376,0.65
632,J Bride,1B,MIA,71,232,30,64,10,0,11,39,30,55,0,1,0.276,0.357,0.461,0.818
633,Z McKinstry,SS,DET,118,297,32,64,14,5,4,23,24,69,16,0,0.215,0.277,0.337,0.614
634,Do Smith,DH,CIN,93,275,33,64,22,0,6,34,28,76,1,1,0.233,0.313,0.378,0.691
635,E Sosa,SS,PHI,90,249,39,64,12,4,7,31,13,66,7,1,0.257,0.313,0.422,0.735
636,J Stallings,C,COL,82,243,31,64,17,1,9,36,27,65,0,0,0.263,0.357,0.453,0.81
637,J Yepez,1B,WSH,62,226,32,64,15,0,6,26,18,42,2,1,0.283,0.335,0.429,0.764
638,L Campusano,C,SD,91,277,37,63,13,0,8,40,20,41,0,0,0.227,0.281,0.361,0.642
639,M Garver,DH,SEA,114,367,37,63,17,0,15,51,53,133,0,0,0.172,0.286,0.341,0.627
640,D Peralta,RF,SD,91,236,35,63,11,0,8,28,22,54,2,0,0.267,0.335,0.415,0.75
641,E Rivera,3B,BAL,124,265,24,63,9,2,5,29,26,69,2,0,0.238,0.312,0.343,0.655
642,H Ramírez,DH,WSH,73,238,28,62,7,1,2,29,5,50,6,2,0.261,0.28,0.324,0.604
643,J Rogers,C,DET,102,310,43,61,16,1,10,36,22,99,1,0,0.197,0.255,0.352,0.607
644,J Bauers,1B,MIL,117,302,45,60,9,2,12,43,39,118,13,1,0.199,0.301,0.361,0.662
645,A Hays,LF,PHI,85,235,26,60,18,0,5,20,9,59,2,2,0.255,0.303,0.396,0.699
646,B Wisely,2B,SF,91,252,25,60,13,1,4,31,13,65,2,3,0.238,0.278,0.345,0.623
647,N Gordon,LF,MIA,95,260,29,59,11,1,8,32,11,67,5,5,0.227,0.258,0.369,0.627
648,A Martin,CF,MIN,93,233,41,59,18,1,1,16,20,47,7,3,0.253,0.318,0.352,0.67
649,R Palacios,2B,TB,92,264,46,59,8,1,5,21,45,67,19,1,0.223,0.346,0.318,0.664
650,N Jones,LF,COL,79,256,28,58,13,1,3,28,36,91,5,4,0.227,0.321,0.32,0.641
651,D Jansen,C,BOS,91,278,35,57,13,0,9,24,40,61,0,0,0.205,0.309,0.349,0.658
652,M Wallner,RF,MIN,75,220,26,57,17,1,13,37,24,95,3,0,0.259,0.372,0.523,0.895
653,W Calhoun,DH,LAA,68,229,26,56,16,0,5,20,23,31,0,1,0.245,0.315,0.38,0.695
654,V Bruján,2B,MIA,102,248,32,55,14,2,2,16,25,54,5,6,0.222,0.303,0.319,0.622
655,B Drury,2B,LAA,97,325,28,55,7,0,4,15,27,81,1,0,0.169,0.242,0.228,0.47
656,A Duvall,LF,ATL,104,303,29,55,10,0,11,30,21,99,0,0,0.182,0.245,0.323,0.568
657,M Muncy,3B,LAD,73,237,47,55,17,0,15,48,45,77,1,0,0.232,0.358,0.494,0.852
658,K Higashioka,C,SD,84,246,29,54,10,1,17,45,15,74,2,0,0.22,0.263,0.476,0.739
659,A Ibáñez,X,DET,99,224,30,54,9,1,5,32,15,63,2,3,0.241,0.295,0.357,0.652
660,G Sánchez,DH,MIL,89,245,30,54,7,1,11,37,27,76,0,0,0.22,0.307,0.392,0.699
661,A Frazier,2B,KC,104,262,35,53,10,1,4,22,22,59,3,0,0.202,0.282,0.294,0.576
662,R Gonzalez,X,BOS,89,199,25,53,10,1,6,29,12,58,11,3,0.266,0.306,0.417,0.723
663,E Julien,2B,MIN,94,266,36,53,9,0,8,21,33,102,6,0,0.199,0.292,0.323,0.615
664,J Loperfido,LF,TOR,81,243,24,52,13,4,4,25,13,95,4,2,0.214,0.264,0.35,0.614
665,E Rosario,LF,ATL,91,297,33,52,12,0,10,35,16,77,9,1,0.175,0.215,0.316,0.531
666,M Taylor,CF,PIT,113,269,35,52,9,1,5,21,23,105,12,1,0.193,0.253,0.29,0.543
667,T Casas,1B,BOS,63,212,28,51,8,0,13,32,30,77,0,1,0.241,0.337,0.462,0.799
668,K Kiermaier,CF,LAD,116,259,31,51,9,3,5,26,12,86,6,2,0.197,0.237,0.313,0.55
669,C McCormick,LF,HOU,94,242,32,51,6,1,5,27,17,72,8,2,0.211,0.271,0.306,0.577
670,T Anderson,SS,MIA,65,234,16,50,3,0,0,9,7,68,4,4,0.214,0.237,0.226,0.463
671,J Báez,SS,DET,80,272,25,50,12,0,6,37,12,69,8,1,0.184,0.221,0.294,0.515
672,J McCann,C,BAL,66,214,27,50,9,0,8,31,13,56,1,0,0.234,0.279,0.388,0.667
673,G Mitchell,CF,MIL,69,196,33,50,12,3,8,21,25,71,11,4,0.255,0.342,0.469,0.811
674,T Nevin,1B,OAK,87,245,22,50,10,0,7,20,25,64,1,0,0.204,0.288,0.331,0.619
675,D Carlson,LF,TB,96,235,19,49,7,0,3,25,22,75,2,1,0.209,0.287,0.277,0.564
676,Y Grandal,C,PIT,72,215,26,49,10,0,9,27,24,46,1,0,0.228,0.304,0.4,0.704
677,G Hampson,CF,KC,113,213,16,49,13,1,0,16,14,59,7,2,0.23,0.275,0.3,0.575
678,R Acuña Jr.,RF,ATL,49,192,38,48,8,1,4,15,27,53,16,3,0.25,0.351,0.365,0.716
679,N Ahmed,2B,SD,71,210,20,48,6,1,2,17,11,51,2,1,0.229,0.267,0.295,0.562
680,J Heyward,RF,HOU,87,228,33,48,12,2,10,37,22,53,5,0,0.211,0.288,0.412,0.7
681,N Marte,3B,CIN,66,229,24,48,9,0,4,18,9,75,9,3,0.21,0.248,0.301,0.549
682,P Pagés,C,STL,68,202,19,48,3,2,7,27,13,58,2,0,0.238,0.281,0.376,0.657
683,J Jung,3B,TEX,46,178,19,47,5,1,7,16,8,48,4,0,0.264,0.298,0.421,0.719
684,K Farmer,2B,MIN,107,215,26,46,13,1,5,25,19,49,3,5,0.214,0.293,0.353,0.646
685,D Fletcher,RF,CWS,72,223,14,46,8,0,1,17,11,58,0,0,0.206,0.252,0.256,0.508
686,E Montero,1B,COL,67,224,23,46,10,0,4,28,20,56,0,0,0.205,0.267,0.304,0.571
687,N Senzel,3B,CWS,74,236,25,46,11,0,7,18,28,61,1,3,0.195,0.283,0.331,0.614
688,S Fairchild,CF,CIN,94,209,33,45,8,0,8,30,17,60,13,1,0.215,0.286,0.368,0.654
689,S Murphy,C,ATL,72,233,19,45,5,1,10,25,27,67,0,0,0.193,0.284,0.352,0.636
690,A Rendon,3B,LAA,57,206,21,45,10,0,0,14,23,35,6,1,0.218,0.307,0.267,0.574
691,J Suwinski,CF,PIT,88,247,29,45,8,0,9,26,27,79,9,1,0.182,0.264,0.324,0.588
692,J Trevino,C,NYY,74,209,26,45,5,0,8,28,20,41,1,0,0.215,0.288,0.354,0.642
693,W Flores,1B,SF,71,214,19,44,12,0,4,26,20,33,0,0,0.206,0.277,0.318,0.595
694,R Grossman,DH,KC,86,208,21,44,8,0,3,16,34,58,3,0,0.212,0.322,0.293,0.615
695,J Mateo,2B,BAL,68,192,30,44,14,2,5,18,10,48,13,2,0.229,0.267,0.401,0.668
696,T Soderstrom,1B,OAK,61,189,18,44,10,0,9,26,20,53,0,0,0.233,0.315,0.429,0.744
697,C Taylor,LF,LAD,87,213,28,43,7,1,4,23,28,76,5,1,0.202,0.298,0.3,0.598
698,J Tena,3B,WSH,44,161,14,43,5,0,3,15,7,41,6,1,0.267,0.298,0.354,0.652
699,E Valdez,2B,BOS,76,201,23,43,12,0,6,28,17,53,1,1,0.214,0.27,0.363,0.633
700,C Norby,3B,MIA,45,178,32,42,9,0,9,20,15,64,3,3,0.236,0.294,0.438,0.732
701,D Schneemann,SS,CLE,73,193,17,42,10,2,5,22,25,70,3,2,0.218,0.303,0.368,0.671
702,B Alexander,SS,AZ,61,166,19,41,7,0,3,21,15,49,3,1,0.247,0.321,0.343,0.664
703,A Barger,3B,TOR,69,208,20,41,11,0,7,28,14,60,2,0,0.197,0.25,0.351,0.601
704,J Caminero,3B,TB,43,165,15,41,9,1,6,18,11,38,2,0,0.248,0.299,0.424,0.723
705,L Jiménez,SS,TOR,63,179,18,41,11,0,4,19,12,59,0,0,0.229,0.329,0.358,0.687
706,D LeMahieu,1B,NYY,67,201,19,41,5,0,2,26,19,35,0,1,0.204,0.269,0.259,0.528
707,J Malloy,DH,DET,71,202,18,41,7,1,8,21,23,85,1,1,0.203,0.291,0.366,0.657
708,N Velázquez,DH,KC,64,205,31,41,8,1,8,27,19,61,2,0,0.2,0.274,0.366,0.64
709,H Goodman,RF,COL,70,211,24,40,9,0,13,36,8,64,1,1,0.19,0.228,0.417,0.645
710,K Stowers,LF,MIA,69,192,15,40,11,2,3,24,13,74,0,1,0.208,0.268,0.333,0.601
711,T Walls,SS,TB,84,218,27,40,5,3,1,14,31,67,16,4,0.183,0.282,0.248,0.53
712,D Hill,CF,MIA,53,162,19,39,4,2,7,25,5,56,6,2,0.241,0.271,0.42,0.691
713,J Noel,RF,CLE,67,179,25,39,7,1,13,28,13,63,0,0,0.218,0.288,0.486,0.774
714,E Olivares,RF,PIT,55,174,22,39,4,0,5,23,16,37,1,0,0.224,0.291,0.333,0.624
715,T Jankowski,RF,TEX,104,190,19,38,5,0,1,12,12,44,11,1,0.2,0.266,0.242,0.508
716,B Lee,SS,MIN,50,172,9,38,6,1,3,27,11,27,3,0,0.221,0.265,0.32,0.585
717,J Lee,CF,SF,37,145,15,38,4,0,2,8,10,13,2,3,0.262,0.31,0.331,0.641
718,T Lipscomb,3B,WSH,61,190,20,38,3,0,1,10,16,40,11,2,0.2,0.268,0.232,0.5
719,A Barnes,C,LAD,54,140,12,37,3,0,1,11,14,36,3,0,0.264,0.331,0.307,0.638
720,C Biggio,2B,ATL,78,188,27,37,5,0,5,19,24,72,2,0,0.197,0.314,0.303,0.617
721,C Julks,RF,CWS,66,173,17,37,7,0,3,14,15,50,5,2,0.214,0.275,0.306,0.581
722,A Slater,LF,BAL,84,177,24,37,4,0,2,18,26,60,3,2,0.209,0.321,0.266,0.587
723,P Smith,1B,AZ,60,137,26,37,11,0,9,36,18,31,1,0,0.27,0.348,0.547,0.895
724,J Gallo,1B,WSH,76,223,24,36,9,0,10,27,32,102,3,1,0.161,0.277,0.336,0.613
725,J Holliday,2B,BAL,60,190,28,36,4,2,5,23,15,69,4,0,0.189,0.255,0.311,0.566
726,B Baty,3B,NYM,50,153,15,35,3,0,4,16,16,42,0,0,0.229,0.306,0.327,0.633
727,A Martínez,CF,CLE,43,151,16,35,7,0,3,11,15,33,3,1,0.232,0.298,0.338,0.636
728,G Arias,3B,CLE,53,153,15,34,9,1,3,15,6,53,5,2,0.222,0.255,0.353,0.608
729,A Call,RF,WSH,30,99,15,34,9,0,3,14,12,19,5,1,0.343,0.425,0.525,0.95
730,D Cameron,LF,OAK,66,170,22,34,5,1,5,15,13,51,5,0,0.2,0.258,0.329,0.587
731,T Grisham,CF,NYY,76,179,21,34,8,0,9,31,22,57,1,1,0.19,0.29,0.385,0.675
732,K Manzardo,DH,CLE,53,145,11,34,12,0,5,15,9,41,0,0,0.234,0.282,0.421,0.703
733,G Stubbs,C,PHI,56,164,18,34,4,1,1,11,17,50,5,0,0.207,0.296,0.262,0.558
734,D Canzone,RF,SEA,67,168,20,33,7,0,8,17,18,53,1,0,0.196,0.271,0.381,0.652
735,T Edman,CF,LAD,37,139,20,33,5,1,6,20,11,30,6,0,0.237,0.294,0.417,0.711
736,L Guillorme,2B,AZ,79,161,14,33,9,1,0,10,23,36,4,2,0.205,0.301,0.273,0.574
737,S Hilliard,LF,COL,58,138,26,33,5,1,10,27,14,56,5,2,0.239,0.305,0.507,0.812
738,K McCann,C,OAK,54,140,13,33,4,0,5,15,16,59,0,0,0.236,0.318,0.371,0.689
739,C Pache,CF,MIA,88,165,13,33,8,1,1,16,17,64,1,0,0.2,0.273,0.279,0.552
740,J Walker,RF,STL,51,164,16,33,10,1,5,20,10,50,1,0,0.201,0.253,0.366,0.619
741,J Beck,LF,COL,55,170,14,32,6,0,3,13,12,65,7,1,0.188,0.245,0.276,0.521
742,M Carpenter,DH,STL,59,137,15,32,7,0,4,15,15,51,0,2,0.234,0.314,0.372,0.686
743,A Kirilloff,LF,MIN,57,159,20,32,8,3,5,20,15,47,0,0,0.201,0.27,0.384,0.654
744,L Matos,RF,SF,45,150,14,32,5,0,5,25,5,24,0,0,0.213,0.237,0.347,0.584
745,M Thaiss,C,LAA,57,157,14,32,9,0,2,16,28,58,3,0,0.204,0.323,0.299,0.622
746,D Blanco,X,KC,88,120,37,31,4,0,4,13,8,32,31,7,0.258,0.308,0.392,0.7
747,J Davis,1B,NYY,46,142,13,31,5,0,4,6,12,39,0,0,0.218,0.293,0.338,0.631
748,N Martini,DH,CIN,52,146,23,31,4,2,5,24,9,38,1,3,0.212,0.272,0.37,0.642
749,M Vargas,3B,CWS,72,206,22,31,7,0,5,16,25,57,3,1,0.15,0.249,0.257,0.506
750,J Aranda,1B,TB,44,128,22,30,7,0,6,14,12,32,0,0,0.234,0.308,0.43,0.738
751,T Wade,3B,SD,90,138,28,30,3,0,0,8,11,29,8,1,0.217,0.285,0.239,0.524
752,C Bethancourt,C,CHC,62,139,18,29,7,0,5,22,5,36,3,0,0.209,0.241,0.367,0.608
753,K Bryant,DH,COL,37,133,9,29,5,0,2,15,13,48,0,0,0.218,0.323,0.301,0.624
754,R McGuire,C,BOS,53,139,10,29,3,0,3,18,13,39,3,0,0.209,0.28,0.295,0.575
755,C Mead,2B,TB,38,122,10,29,3,0,1,7,6,30,2,0,0.238,0.282,0.287,0.569
756,J Encarnacion,DH,SF,35,113,13,28,5,0,5,19,5,34,1,0,0.248,0.277,0.425,0.702
757,N Loftin,2B,KC,57,148,15,28,4,0,1,14,19,24,1,0,0.189,0.282,0.236,0.518
758,D Stewart,X,NYM,74,158,16,28,4,0,5,19,31,48,1,0,0.177,0.325,0.297,0.622
759,E Carter,LF,TEX,45,144,23,27,6,2,5,15,15,43,2,0,0.188,0.272,0.361,0.633
760,C Schmitt,2B,SF,40,107,11,27,4,1,6,16,4,25,0,0,0.252,0.283,0.477,0.76
761,L Torrens,C,NYM,48,118,14,27,8,0,3,15,9,28,0,1,0.229,0.292,0.373,0.665
762,P Wisdom,X,CHC,75,158,16,27,7,2,8,23,10,59,5,0,0.171,0.237,0.392,0.629
763,R Adams,C,WSH,41,116,10,26,5,1,2,8,10,35,1,0,0.224,0.292,0.336,0.628
764,A Chaparro,DH,WSH,33,121,12,26,12,0,4,15,7,24,1,1,0.215,0.28,0.413,0.693
765,D Crews,RF,WSH,31,119,12,26,5,1,3,8,11,26,12,3,0.218,0.288,0.353,0.641
766,D Mendick,3B,CWS,47,132,13,26,7,0,3,8,6,35,6,0,0.197,0.243,0.318,0.561
767,A Monasterio,3B,MIL,59,125,14,26,5,0,1,16,16,40,6,2,0.208,0.303,0.272,0.575
768,B Rice,1B,NYY,50,152,20,26,6,0,7,23,20,48,0,1,0.171,0.264,0.349,0.613
769,V Scott II,CF,STL,53,145,14,26,9,0,2,10,6,42,5,1,0.179,0.219,0.283,0.502
770,K Clemens,X,PHI,44,114,17,25,9,1,5,18,5,29,0,0,0.219,0.258,0.447,0.705
771,A Del Castillo,C,AZ,25,80,12,25,5,0,4,19,7,28,1,1,0.313,0.368,0.525,0.893
772,H Kjerstad,DH,BAL,39,99,8,25,2,0,4,14,10,33,1,0,0.253,0.351,0.394,0.745
773,G McCray,CF,SF,37,124,13,25,3,2,5,10,6,56,5,0,0.202,0.238,0.379,0.617
774,D Myers,RF,MIA,44,95,17,25,6,1,3,19,8,36,4,1,0.263,0.333,0.442,0.775
775,T Nido,C,CHC,49,130,14,25,4,0,4,12,5,35,0,0,0.192,0.219,0.315,0.534
776,W Wagner,2B,TOR,24,82,8,25,6,0,2,11,4,16,0,0,0.305,0.337,0.451,0.788
777,W Wilson,LF,PHI,41,88,13,25,7,1,3,10,8,29,3,0,0.284,0.347,0.489,0.836
778,R Baldwin,2B,CWS,33,114,9,24,6,0,2,8,6,31,4,0,0.211,0.25,0.316,0.566
779,L Maile,C,CIN,55,135,8,24,4,0,2,8,13,52,2,0,0.178,0.268,0.252,0.52
780,M Stefanic,2B,LAA,40,110,8,24,4,0,0,8,10,20,0,0,0.218,0.301,0.255,0.556
781,T Story,SS,BOS,26,94,8,24,7,0,2,10,11,33,6,3,0.255,0.34,0.394,0.734
782,T Sweeney,SS,DET,36,110,11,24,5,0,4,17,7,32,2,0,0.218,0.269,0.373,0.642
783,M Trout,CF,LAA,29,109,17,24,1,2,10,14,16,27,6,1,0.22,0.325,0.541,0.866
784,D Hernaiz,3B,OAK,48,120,8,23,3,0,1,12,11,27,1,1,0.192,0.261,0.242,0.503
785,N Lukes,LF,TOR,22,76,13,23,4,2,1,10,10,9,1,0,0.303,0.371,0.447,0.818
786,J Wilson,SS,OAK,28,92,11,23,2,2,0,3,8,10,0,0,0.25,0.314,0.315,0.629
787,G Conine,RF,MIA,30,82,14,22,4,1,3,12,6,28,0,0,0.268,0.326,0.451,0.777
788,G Cooper,1B,BOS,36,107,6,22,5,1,1,11,7,35,0,0,0.206,0.267,0.299,0.566
789,C Encarnacion-Strand,1B,CIN,29,116,13,22,6,0,2,16,4,35,0,0,0.19,0.22,0.293,0.513
790,J Herrera,C,AZ,42,97,11,22,4,1,1,13,9,27,0,0,0.227,0.29,0.32,0.61
791,A Schunk,2B,COL,39,94,14,22,3,0,2,7,4,31,0,1,0.234,0.265,0.33,0.595
792,C Casali,C,SF,41,108,12,21,3,0,1,8,13,22,0,0,0.194,0.293,0.25,0.543
793,O Dunn,3B,MIL,41,95,11,21,2,2,1,7,6,40,3,0,0.221,0.282,0.316,0.598
794,N Sogard,2B,BOS,31,77,13,21,4,0,0,8,7,25,3,0,0.273,0.326,0.325,0.651
795,B Gamel,RF,HOU,38,81,22,20,4,0,1,4,18,24,1,0,0.247,0.384,0.333,0.717
796,V Grissom,2B,BOS,31,105,10,20,3,0,0,6,7,24,2,0,0.19,0.246,0.219,0.465
797,A Hedges,C,CLE,66,132,12,20,3,0,2,15,6,50,2,0,0.152,0.203,0.22,0.423
798,J Outman,CF,LAD,53,136,12,20,4,0,4,11,16,55,2,1,0.147,0.256,0.265,0.521
799,B Ramos,3B,CWS,32,99,13,20,4,0,3,11,7,22,0,2,0.202,0.252,0.333,0.585
800,J Jung,3B,DET,34,79,14,19,5,0,0,3,15,29,0,1,0.241,0.362,0.304,0.666
801,N Madrigal,3B,CHC,51,86,5,19,3,0,0,10,4,10,1,0,0.221,0.28,0.256,0.536
802,M Mastrobuoni,3B,CHC,50,98,9,19,3,0,0,4,7,17,2,0,0.194,0.245,0.224,0.469
803,J Berti,3B,NYY,25,66,10,18,0,0,1,6,6,14,5,1,0.273,0.342,0.318,0.66
804,T Cabbage,RF,HOU,45,86,12,18,8,0,1,8,4,34,1,1,0.209,0.253,0.337,0.59
805,E Haase,C,MIL,30,66,10,18,1,0,5,14,3,28,0,0,0.273,0.304,0.515,0.819
806,B Madris,1B,DET,21,67,8,18,3,0,1,5,6,20,0,0,0.269,0.324,0.358,0.682
807,A Thomas,CF,AZ,39,95,13,18,5,1,3,17,7,17,4,1,0.189,0.245,0.358,0.603
808,L Urías,3B,SEA,41,94,11,18,7,0,4,16,9,34,0,0,0.191,0.303,0.394,0.697
809,E Wagaman,3B,LAA,18,72,6,18,5,0,2,10,2,17,0,0,0.25,0.27,0.403,0.673
810,A Williams,2B,PIT,37,87,13,18,4,2,0,5,3,22,1,0,0.207,0.242,0.299,0.541
811,N Allen,SS,OAK,41,97,6,17,4,0,1,4,5,20,0,0,0.175,0.216,0.247,0.463
812,S Bouchard,RF,COL,31,91,14,17,7,0,1,8,12,33,4,0,0.187,0.29,0.297,0.587
813,E Florial,LF,CLE,36,98,11,17,6,2,3,11,11,41,2,1,0.173,0.264,0.367,0.631
814,A Jackson,C,TB,58,139,17,17,7,0,3,12,12,53,1,0,0.122,0.201,0.237,0.438
815,N Kavadas,DH,LAA,30,93,11,17,2,0,4,8,11,41,1,0,0.183,0.283,0.333,0.616
816,J López,2B,LAA,27,67,4,17,3,0,1,6,2,25,0,1,0.254,0.286,0.343,0.629
817,L Rivas,SS,SEA,43,73,10,17,1,1,0,8,10,24,3,0,0.233,0.333,0.274,0.607
818,M Sanó,3B,LAA,28,83,9,17,3,0,2,6,9,36,0,0,0.205,0.295,0.313,0.608
819,J Azocar,LF,SD,61,73,13,16,2,0,0,2,5,19,5,1,0.219,0.269,0.247,0.516
820,M Luciano,2B,SF,27,76,10,16,5,1,0,3,5,28,0,1,0.211,0.259,0.303,0.562
821,M Maldonado,C,CWS,48,135,9,16,3,0,4,11,8,51,0,0,0.119,0.174,0.23,0.404
822,J Clase,CF,TOR,26,61,7,15,2,0,1,5,3,17,3,1,0.246,0.303,0.328,0.631
823,H Davis,C,PIT,37,104,9,15,4,0,1,5,13,45,0,0,0.144,0.242,0.212,0.454
824,Z Dezenzo,1B,HOU,19,62,5,15,2,0,2,8,3,22,0,0,0.242,0.277,0.371,0.648
825,B Harris,3B,OAK,36,103,15,15,3,0,3,12,17,25,0,3,0.146,0.276,0.262,0.538
826,A Knizner,C,TEX,37,90,5,15,1,0,1,9,1,22,0,0,0.167,0.183,0.211,0.394
827,R Marchán,C,PHI,17,51,8,15,4,0,3,6,3,8,0,0,0.294,0.345,0.549,0.894
828,N Nuñez,SS,WSH,51,61,14,15,1,0,0,1,12,15,8,2,0.246,0.37,0.262,0.632
829,J Palacios,RF,PIT,23,67,10,15,2,0,2,9,10,12,1,0,0.224,0.333,0.343,0.676
830,J Abreu,1B,HOU,35,113,10,14,2,0,2,7,4,28,0,0,0.124,0.167,0.195,0.362
831,J Bae,CF,PIT,29,74,11,14,2,0,0,6,6,24,6,2,0.189,0.247,0.216,0.463
832,T Barnhart,C,AZ,31,81,13,14,3,0,0,6,13,31,1,0,0.173,0.287,0.21,0.497
833,R Bliss,2B,SEA,33,63,10,14,3,1,2,9,5,22,5,3,0.222,0.29,0.397,0.687
834,D Bote,3B,CHC,37,46,4,14,4,0,0,6,2,13,0,0,0.304,0.333,0.391,0.724
835,Z DeLoach,RF,CWS,22,67,10,14,5,0,1,5,8,21,0,1,0.209,0.293,0.328,0.621
836,D Dingler,C,DET,27,84,2,14,5,2,1,11,3,30,0,0,0.167,0.195,0.31,0.505
837,Y Gomes,C,CHC,34,91,7,14,2,0,2,7,2,36,0,0,0.154,0.179,0.242,0.421
838,D Millas,C,WSH,20,57,7,14,1,0,1,1,5,16,4,0,0.246,0.306,0.316,0.622
839,A Sánchez,C,MIA,31,84,5,14,2,0,0,4,4,24,2,1,0.167,0.211,0.19,0.401
840,Y Gurriel,1B,KC,18,54,7,13,3,0,0,6,9,15,1,0,0.241,0.338,0.296,0.634
841,B Johnson,RF,SD,47,63,9,13,2,0,0,4,7,12,1,1,0.206,0.286,0.238,0.524
842,R Noda,1B,OAK,36,95,8,13,4,0,1,4,14,37,0,0,0.137,0.255,0.211,0.466
843,E Rosario,3B,SD,30,53,5,13,6,0,3,6,2,20,0,0,0.245,0.286,0.528,0.814
844,C Tromp,C,ATL,19,52,3,13,6,0,0,6,1,17,0,0,0.25,0.259,0.365,0.624
845,D Vogelbach,DH,TOR,31,70,5,13,5,0,1,8,9,17,0,0,0.186,0.278,0.3,0.578
846,L Acuña,SS,NYM,14,39,6,12,2,1,3,6,1,6,0,1,0.308,0.325,0.641,0.966
847,J Amaya,SS,CWS,24,68,4,12,1,0,0,3,4,28,1,0,0.176,0.222,0.191,0.413
848,B Crawford,SS,STL,29,71,5,12,5,0,1,4,8,26,0,0,0.169,0.263,0.282,0.545
849,D Dahl,LF,PHI,19,58,6,12,2,0,3,8,3,21,0,0,0.207,0.242,0.397,0.639
850,A García,RF,MIA,18,50,4,12,1,0,2,2,1,13,0,0,0.24,0.255,0.38,0.635
851,R Hinds,RF,CIN,24,46,9,12,4,1,5,11,4,16,2,0,0.261,0.333,0.717,1.05
852,J Walsh,1B,TEX,17,53,9,12,2,0,1,7,7,21,0,0,0.226,0.317,0.321,0.638
853,G Campero,RF,LAA,13,46,6,11,0,1,1,6,0,8,3,0,0.239,0.271,0.348,0.619
854,B Cook,1B,PIT,16,49,5,11,2,0,3,8,0,19,1,0,0.224,0.224,0.449,0.673
855,B Dalbec,1B,BOS,37,83,6,11,2,0,1,8,8,43,3,0,0.133,0.217,0.193,0.41
856,J Fermín,X,STL,45,71,7,11,1,1,0,4,7,11,2,1,0.155,0.241,0.197,0.438
857,D Hensley,RF,MIA,23,52,9,11,1,0,1,4,6,17,1,0,0.212,0.293,0.288,0.581
858,Y Moncada,3B,CWS,12,40,4,11,3,1,0,0,5,11,1,0,0.275,0.356,0.4,0.756
859,P Reyes,X,NYM,22,60,5,11,2,0,0,5,3,19,1,2,0.183,0.234,0.217,0.451
860,E Ruiz,LF,OAK,29,55,10,11,2,1,2,8,4,20,5,4,0.2,0.27,0.382,0.652
861,E White,RF,ATL,35,39,9,11,1,1,1,4,1,12,3,1,0.282,0.333,0.436,0.769
862,A Baddoo,LF,DET,31,73,7,10,2,2,2,5,8,27,1,0,0.137,0.22,0.301,0.521
863,T Black,DH,MIL,18,49,4,10,2,0,0,2,7,17,3,0,0.204,0.316,0.245,0.561
864,J Domínguez,LF,NYY,18,56,8,10,1,0,2,4,11,19,5,0,0.179,0.313,0.304,0.617
865,J Hurtubise,LF,CIN,29,54,7,10,1,1,0,4,6,18,2,0,0.185,0.297,0.241,0.538
866,J Jones,X,NYY,33,42,8,10,1,1,1,4,2,16,1,1,0.238,0.304,0.381,0.685
867,M McCoy,SS,SD,19,49,7,10,2,0,0,3,5,19,1,0,0.204,0.278,0.245,0.523
868,O Narváez,C,NYM,28,65,4,10,2,0,0,5,3,12,0,0,0.154,0.191,0.185,0.376
869,B Sabol,C,SF,11,32,3,10,2,0,0,1,5,9,0,0,0.313,0.421,0.375,0.796
870,T Saggese,2B,STL,18,49,5,10,2,0,1,4,2,14,0,0,0.204,0.25,0.306,0.556
871,B Serven,C,TOR,28,63,6,10,4,0,0,3,5,22,0,0,0.159,0.243,0.222,0.465
872,A Alvarez,3B,OAK,16,37,7,9,1,0,0,2,2,8,1,0,0.243,0.282,0.27,0.552
873,O Colás,RF,CWS,13,33,1,9,0,0,0,4,4,10,0,1,0.273,0.368,0.273,0.641
874,M Ford,DH,CIN,17,60,2,9,0,1,1,4,2,15,0,0,0.15,0.177,0.233,0.41
875,J Pereda,C,MIA,20,39,2,9,0,0,0,4,0,10,0,0,0.231,0.25,0.231,0.481
876,R Pinto,C,TB,19,42,5,9,3,0,2,6,4,18,0,0,0.214,0.292,0.429,0.721
877,C Robinson,C,CWS,26,70,2,9,0,0,0,0,5,20,0,0,0.129,0.197,0.129,0.326
878,D Romo,C,COL,16,51,4,9,3,0,0,6,2,18,0,1,0.176,0.208,0.235,0.443
879,A Shenton,1B,TB,19,42,3,9,5,0,1,3,8,14,0,0,0.214,0.34,0.405,0.745
880,Z Short,3B,ATL,42,70,11,9,3,0,0,5,14,24,2,1,0.129,0.282,0.171,0.453
881,A Trejo,2B,COL,28,63,4,9,0,0,0,1,2,15,0,0,0.143,0.182,0.143,0.325
882,C Tucker,DH,LAA,25,50,3,9,4,1,0,3,6,17,3,1,0.18,0.263,0.3,0.563
883,D Villar,1B,SF,11,35,3,9,4,0,1,4,1,13,0,0,0.257,0.27,0.457,0.727
884,S Whitcomb,3B,HOU,20,41,1,9,3,0,0,5,5,8,0,0,0.22,0.304,0.293,0.597
885,L Williams,X,ATL,37,46,8,9,3,0,0,4,4,13,3,0,0.196,0.275,0.261,0.536
886,J Adams,RF,LAA,11,35,4,8,0,0,1,4,3,12,2,0,0.229,0.289,0.314,0.603
887,A Hicks,RF,LAA,18,57,6,8,0,0,1,5,6,23,0,0,0.14,0.222,0.193,0.415
888,J Ornelas,3B,TEX,18,37,1,8,2,0,0,3,2,13,0,0,0.216,0.256,0.27,0.526
889,Z Remillard,2B,CWS,15,33,3,8,1,1,0,1,5,10,1,0,0.242,0.342,0.333,0.675
890,C Salazar,C,HOU,12,25,5,8,2,0,0,8,2,6,0,0,0.32,0.387,0.4,0.787
891,J Sanoja,X,MIA,15,35,3,8,2,0,0,2,1,4,0,0,0.229,0.25,0.286,0.536
892,B Shewmake,SS,CWS,29,64,4,8,2,0,1,4,1,10,5,1,0.125,0.134,0.203,0.337
893,R Vilade,LF,DET,17,45,5,8,0,0,1,5,2,12,0,0,0.178,0.208,0.244,0.452
894,F Wall,RF,MIA,16,32,4,8,0,0,0,1,3,8,4,3,0.25,0.314,0.25,0.564
895,J Wendle,2B,NYM,18,36,3,8,1,0,0,1,1,9,1,0,0.222,0.243,0.25,0.493
896,N Yorke,2B,PIT,11,37,4,8,0,0,2,5,4,12,2,0,0.216,0.286,0.378,0.664
897,D Baker,X,WSH,9,14,1,7,2,0,0,0,0,3,0,0,0.5,0.5,0.643,1.143
898,L Baker,X,STL,21,40,3,7,1,1,2,10,7,11,1,0,0.175,0.286,0.4,0.686
899,S Berroa,X,TOR,28,37,7,7,1,0,0,1,8,14,6,2,0.189,0.333,0.216,0.549
900,A Canario,LF,CHC,15,25,4,7,1,0,1,2,2,11,1,0,0.28,0.357,0.44,0.797
901,R Kreidler,SS,DET,35,59,9,7,0,0,1,2,6,19,5,3,0.119,0.2,0.169,0.369
902,T Locklear,1B,SEA,16,45,3,7,1,0,2,3,3,20,1,0,0.156,0.224,0.311,0.535
903,A Wynns,C,CIN,7,19,3,7,4,0,0,2,0,5,0,0,0.368,0.4,0.579,0.979
904,A Amador,2B,COL,10,35,1,6,1,0,0,0,1,6,1,0,0.171,0.194,0.2,0.394
905,L Driscoll,C,TB,15,35,2,6,0,0,1,5,1,6,0,0,0.171,0.189,0.257,0.446
906,K Paris,2B,LAA,21,51,4,6,2,0,1,5,7,17,1,0,0.118,0.224,0.216,0.44
907,C Stevenson,CF,PHI,18,24,2,6,3,0,0,6,3,4,0,0,0.25,0.333,0.375,0.708
908,D Wendzel,3B,TEX,27,47,2,6,2,0,1,2,1,12,0,0,0.128,0.163,0.234,0.397
909,J Westbrook,2B,BOS,21,40,4,6,2,0,2,7,4,14,0,0,0.15,0.234,0.35,0.584
910,S Zavala,C,SEA,18,39,4,6,2,0,1,2,3,16,0,0,0.154,0.214,0.282,0.496
911,E Adrianza,3B,LAA,8,26,4,5,1,0,1,2,2,11,0,0,0.192,0.25,0.346,0.596
912,L De Los Santos,3B,TOR,13,29,2,5,2,0,0,1,2,10,0,0,0.172,0.226,0.241,0.467
913,B McKinney,LF,PIT,10,25,4,5,1,0,0,2,2,13,0,0,0.2,0.286,0.24,0.526
914,O Miller,1B,MIL,14,27,2,5,1,0,0,3,0,8,0,0,0.185,0.185,0.222,0.407
915,J Vosler,1B,SEA,10,28,2,5,1,1,0,3,2,9,0,0,0.179,0.233,0.286,0.519
916,T Blankenhorn,DH,WSH,13,31,2,4,1,0,0,5,1,9,0,0,0.129,0.156,0.161,0.317
917,B Dunn,LF,CIN,19,26,8,4,1,0,1,1,2,11,2,0,0.154,0.241,0.308,0.549
918,H Feduccia,C,LAD,5,12,2,4,0,0,0,1,2,2,0,0,0.333,0.429,0.333,0.762
919,K Hiura,2B,LAA,10,27,1,4,0,0,0,1,0,10,0,1,0.148,0.148,0.148,0.296
920,B Kennedy,X,PHI,14,21,3,4,1,0,1,6,4,7,1,0,0.19,0.308,0.381,0.689
921,C Leblanc,3B,LAA,11,21,6,4,0,0,2,6,7,9,0,0,0.19,0.393,0.476,0.869
922,C Mayo,3B,BAL,17,41,4,4,0,0,0,0,4,22,0,0,0.098,0.196,0.098,0.294
923,T Murphy,C,SF,13,34,3,4,1,0,1,2,4,14,0,0,0.118,0.211,0.235,0.446
924,G Pauley,3B,SD,13,32,4,4,0,0,2,5,0,15,0,0,0.125,0.125,0.313,0.438
925,J Rodriguez,RF,CLE,13,31,6,4,1,0,0,5,9,14,0,0,0.129,0.325,0.161,0.486
926,J Wiemer,LF,CIN,21,26,2,4,0,0,0,0,2,9,1,1,0.154,0.214,0.154,0.368
927,N Alvarez Jr.,2B,ATL,8,30,1,3,0,0,0,0,0,10,0,0,0.1,0.156,0.1,0.256
928,J Barrosa,CF,AZ,8,17,3,3,2,0,0,1,0,2,1,0,0.176,0.176,0.294,0.47
929,T Brooks,1B,SF,12,25,3,3,0,0,0,1,4,6,1,0,0.12,0.241,0.12,0.361
930,J Delay,C,PIT,7,15,1,3,3,0,0,6,3,0,0,0,0.2,0.333,0.4,0.733
931,A Díaz,1B,HOU,14,33,2,3,0,0,0,1,1,9,0,0,0.091,0.118,0.091,0.209
932,S Garrett,DH,WSH,2,5,2,3,1,0,1,3,1,0,0,0,0.6,0.667,1.4,2.067
933,N Goodrum,3B,LAA,13,29,2,3,0,0,0,0,3,10,1,1,0.103,0.188,0.103,0.291
934,T Gray,1B,OAK,15,28,0,3,1,0,0,0,3,16,0,0,0.107,0.194,0.143,0.337
935,M Helman,CF,MIN,9,10,2,3,2,0,0,0,0,3,0,0,0.3,0.3,0.5,0.8
936,R McKenna,RF,SF,13,14,4,3,0,0,2,2,1,5,1,1,0.214,0.267,0.643,0.91
937,M Mervis,DH,CHC,9,26,1,3,1,0,0,3,1,8,0,0,0.115,0.148,0.154,0.302
938,C Narvaez,C,NYY,6,13,0,3,0,0,0,0,2,6,0,0,0.231,0.333,0.231,0.564
939,L Soto,2B,BAL,13,13,1,3,1,0,0,0,3,3,0,0,0.231,0.375,0.308,0.683
940,B Sullivan,C,SD,7,16,1,3,0,0,1,2,1,4,0,0,0.188,0.235,0.375,0.61
941,D Walton,2B,SF,9,22,3,3,0,0,1,2,2,7,0,0,0.136,0.24,0.273,0.513
942,D Waters,RF,KC,7,16,2,3,1,0,0,1,2,6,0,0,0.188,0.316,0.25,0.566
943,C Capel,DH,CIN,5,8,1,2,0,0,0,0,0,2,1,0,0.25,0.25,0.25,0.5
944,D Castillo,3B,MIN,4,6,3,2,1,0,0,2,2,1,0,0,0.333,0.5,0.5,1.0
945,I Collins,X,MIL,11,17,0,2,0,0,0,0,2,10,1,0,0.118,0.211,0.118,0.329
946,M Duffy,3B,TEX,4,7,2,2,0,0,0,0,2,1,0,0,0.286,0.5,0.286,0.786
947,D Fletcher,2B,ATL,5,8,0,2,0,0,0,2,0,1,0,0,0.25,0.222,0.25,0.472
948,J Foscue,DH,TEX,15,42,3,2,1,0,0,1,2,18,0,0,0.048,0.091,0.071,0.162
949,D Harris,DH,TEX,2,6,1,2,1,0,1,3,1,2,0,0,0.333,0.429,1.0,1.429
950,D Keirsey Jr.,CF,MIN,6,13,1,2,0,0,1,1,0,1,0,0,0.154,0.214,0.385,0.599
951,P León,RF,HOU,7,20,2,2,0,0,0,0,1,10,2,0,0.1,0.143,0.1,0.243
952,B Lockridge,LF,SD,12,12,4,2,0,0,1,1,0,4,2,0,0.167,0.167,0.417,0.584
953,C Marlowe,RF,SEA,8,8,1,2,0,0,0,0,1,1,0,0,0.25,0.333,0.25,0.583
954,J Martínez,X,ATL,7,10,2,2,1,0,0,0,0,4,1,0,0.2,0.2,0.3,0.5
955,L Peguero,SS,PIT,3,10,0,2,1,0,0,2,0,3,0,0,0.2,0.2,0.3,0.5
956,O Peraza,3B,NYY,4,10,2,2,0,0,1,1,1,3,0,0,0.2,0.273,0.5,0.773
957,J Reetz,C,SF,6,14,1,2,1,0,1,1,1,5,0,0,0.143,0.2,0.429,0.629
958,S Taylor,LF,SEA,3,5,2,2,0,0,0,0,0,1,0,0,0.4,0.4,0.4,0.8
959,B Thompson,X,CIN,17,18,5,2,1,0,0,0,0,11,5,0,0.111,0.111,0.167,0.278
960,K Alcántara,RF,CHC,3,10,1,1,0,0,0,0,0,1,0,0,0.1,0.1,0.1,0.2
961,C Alexander,X,KC,4,8,0,1,0,0,0,0,0,3,0,0,0.125,0.125,0.125,0.25
962,M Batten,1B,SD,1,3,0,1,0,1,0,0,0,0,0,0,0.333,0.333,1.0,1.333
963,R Brantly,C,TB,3,9,0,1,0,0,0,0,0,2,0,0,0.111,0.111,0.111,0.222
964,V Capra,3B,MIL,3,9,1,1,1,0,0,0,0,3,0,0,0.111,0.111,0.222,0.333
965,J Devers,1B,MIA,3,4,1,1,0,0,0,0,0,1,0,0,0.25,0.25,0.25,0.5
966,D Ellis,X,NYY,11,5,1,1,0,0,0,0,0,2,5,0,0.2,0.2,0.2,0.4
967,S Haggerty,LF,SEA,8,15,1,1,0,0,0,1,1,4,1,0,0.067,0.125,0.067,0.192
968,T Heineman,C,TOR,8,12,2,1,0,0,0,0,3,6,0,0,0.083,0.313,0.083,0.396
969,G Jones,RF,COL,6,5,1,1,0,0,1,1,1,4,0,0,0.2,0.333,0.8,1.133
970,L Jordan,LF,CIN,7,10,1,1,1,0,0,1,0,3,0,0,0.1,0.091,0.2,0.291
971,A Knapp,C,SF,3,6,0,1,0,0,0,0,0,2,0,0,0.167,0.167,0.167,0.334
972,O Martinez,2B,TOR,1,3,0,1,0,0,0,0,0,1,0,0,0.333,0.333,0.333,0.666
973,K Misner,LF,TB,8,15,0,1,0,0,0,0,0,10,0,0,0.067,0.067,0.067,0.134
974,R Ortega,CF,CWS,14,14,4,1,0,0,0,1,2,4,2,0,0.071,0.176,0.071,0.247
975,J Peterson,X,AZ,14,22,2,1,0,0,0,1,3,6,0,0,0.045,0.154,0.045,0.199
976,E Rios,1B,CIN,5,9,1,1,0,0,0,0,1,4,0,0,0.111,0.2,0.111,0.311
977,M Straw,X,CLE,7,4,2,1,0,0,0,0,0,0,2,0,0.25,0.25,0.25,0.5
978,B Teodosio,CF,LAA,5,12,1,1,0,0,0,0,0,5,0,0,0.083,0.083,0.083,0.166
979,T Trammell,X,NYY,10,7,2,1,0,0,0,0,1,3,0,0,0.143,0.25,0.143,0.393
980,L Vazquez,SS,CHC,11,12,2,1,0,0,0,1,0,6,0,0,0.083,0.143,0.083,0.226
981,E Alvarez,2B,NYM,13,9,2,0,0,0,0,0,1,2,0,0,0.0,0.182,0.0,0.182
982,B Anderson,RF,ATL,3,5,0,0,0,0,0,0,0,2,0,0,0.0,0.0,0.0,0.0
983,C Anderson,P,BOS,27,0,0,0,0,0,0,0,0,0,0,0,0.0,0.0,0.0,0.0
984,P Avila,P,CLE,50,0,0,0,0,0,0,0,0,0,0,0,0.0,0.0,0.0,0.0
985,M Baumann,P,SEA,35,0,0,0,0,0,0,0,0,0,0,0,0.0,0.0,0.0,0.0
986,D Bañuelos,X,BAL,1,1,0,0,0,0,0,0,0,0,0,0,0.0,0.0,0.0,0.0
987,J Beeks,P,COL,45,0,0,0,0,0,0,0,0,0,0,0,0.0,0.0,0.0,0.0
988,B Bernardino,P,BOS,57,0,0,0,0,0,0,0,0,0,0,0,0.0,0.0,0.0,0.0
989,J Brebbia,P,CWS,54,0,0,0,0,0,0,0,0,0,0,0,0.0,0.0,0.0,0.0
990,J Brito,P,SD,26,0,0,0,0,0,0,0,0,0,0,0,0.0,0.0,0.0,0.0
991,K Bubic,P,KC,27,0,0,0,0,0,0,0,0,0,0,0,0.0,0.0,0.0,0.0
992,G Cabrera,P,TOR,69,0,0,0,0,0,0,0,0,0,0,0,0.0,0.0,0.0,0.0
993,J Camargo,C,MIN,5,6,1,0,0,0,0,0,1,3,0,0,0.0,0.143,0.0,0.143
994,I Campbell,P,BOS,8,0,0,0,0,0,0,0,0,0,0,0,0.0,0.0,0.0,0.0
995,L Castillo,P,SEA,30,1,0,0,0,0,0,0,0,1,0,0,0.0,0.0,0.0,0.0
996,D Coulombe,P,BAL,33,0,0,0,0,0,0,0,0,0,0,0,0.0,0.0,0.0,0.0
997,J Criswell,P,COL,13,0,0,0,0,0,0,0,0,0,0,0,0.0,0.0,0.0,0.0
998,F Cruz,P,CIN,69,0,0,0,0,0,0,0,0,0,0,0,0.0,0.0,0.0,0.0
999,J Diekman,P,NYM,43,0,0,0,0,0,0,0,0,0,0,0,0.0,0.0,0.0,0.0
1000,S Domínguez,P,BAL,25,0,0,0,0,0,0,0,0,0,0,0,0.0,0.0,0.0,0.0
1001,A Díaz,P,CIN,60,0,0,0,0,0,0,0,0,0,0,0,0.0,0.0,0.0,0.0
1002,E Díaz,P,NYM,55,0,0,0,0,0,0,0,0,0,0,0,0.0,0.0,0.0,0.0
1003,M Englert,P,DET,12,0,0,0,0,0,0,0,0,0,0,0,0.0,0.0,0.0,0.0
1004,S Fabian,LF,TEX,3,5,0,0,0,0,0,0,0,0,0,0,0.0,0.0,0.0,0.0
1005,B Farmer,P,CIN,61,0,0,0,0,0,0,0,0,0,0,0,0.0,0.0,0.0,0.0
1006,R Fernandez,P,STL,62,0,0,0,0,0,0,0,0,0,0,0,0.0,0.0,0.0,0.0
1007,K Finnegan,P,WSH,65,0,0,0,0,0,0,0,0,0,0,0,0.0,0.0,0.0,0.0
1008,J Foley,P,DET,69,0,0,0,0,0,0,0,0,0,0,0,0.0,0.0,0.0,0.0
1009,K Freeland,P,COL,22,0,0,0,0,0,0,0,0,0,0,0,0.0,0.0,0.0,0.0
1010,L Frías,P,AZ,7,0,0,0,0,0,0,0,0,0,0,0,0.0,0.0,0.0,0.0
1011,H Gaddis,P,CLE,78,0,0,0,0,0,0,0,0,0,0,0,0.0,0.0,0.0,0.0
1012,A Garcia,C,PHI,3,7,0,0,0,0,0,0,0,3,0,0,0.0,0.0,0.0,0.0
1013,M Gasper,2B,BOS,13,18,1,0,0,0,0,0,4,8,0,0,0.0,0.217,0.0,0.217
1014,T Gentry,RF,KC,3,5,0,0,0,0,0,0,0,2,0,0,0.0,0.0,0.0,0.0
1015,K Ginkel,P,AZ,72,0,0,0,0,0,0,0,0,0,0,0,0.0,0.0,0.0,0.0
1016,J Gray,P,TEX,24,0,0,0,0,0,0,0,0,0,0,0,0.0,0.0,0.0,0.0
1017,C Green,P,TOR,53,0,0,0,0,0,0,0,0,0,0,0,0.0,0.0,0.0,0.0
1018,J Hader,P,HOU,71,0,0,0,0,0,0,0,0,0,0,0,0.0,0.0,0.0,0.0
1019,S Halvorsen,P,COL,12,0,0,0,0,0,0,0,0,0,0,0,0.0,0.0,0.0,0.0
1020,H Harvey,P,KC,6,0,0,0,0,0,0,0,0,0,0,0,0.0,0.0,0.0,0.0
1021,J Heasley,P,BAL,4,0,0,0,0,0,0,0,0,0,0,0,0.0,0.0,0.0,0.0
1022,R Helsley,P,STL,65,0,0,0,0,0,0,0,0,0,0,0,0.0,0.0,0.0,0.0
1023,K Herget,P,MIL,7,0,0,0,0,0,0,0,0,0,0,0,0.0,0.0,0.0,0.0
1024,J Hernández,P,TEX,26,0,0,0,0,0,0,0,0,0,0,0,0.0,0.0,0.0,0.0
1025,B Hicklen,RF,MIL,3,5,0,0,0,0,0,0,0,4,1,0,0.0,0.0,0.0,0.0
1026,P Hodge,P,CHC,39,0,0,0,0,0,0,0,0,0,0,0,0.0,0.0,0.0,0.0
1027,S Howard,P,CLE,2,0,0,0,0,0,0,0,0,0,0,0,0.0,0.0,0.0,0.0
1028,J Hudson,C,NYM,1,0,0,0,0,0,0,0,0,0,0,0,0.0,0.0,0.0,0.0
1029,S Huff,C,TEX,3,3,0,0,0,0,0,0,1,2,0,0,0.0,0.25,0.0,0.25
1030,C Hummel,X,HOU,6,8,0,0,0,0,0,0,0,2,1,0,0.0,0.0,0.0,0.0
1031,K Jansen,P,BOS,54,0,0,0,0,0,0,0,0,0,0,0,0.0,0.0,0.0,0.0
1032,B Jarvis,P,AZ,44,0,0,0,0,0,0,0,0,0,0,0,0.0,0.0,0.0,0.0
1033,D Johnson,RF,BAL,1,1,1,0,0,0,0,0,0,0,0,0,0.0,0.0,0.0,0.0
1034,T Kemp,2B,BAL,5,9,1,0,0,0,0,0,1,1,0,0,0.0,0.1,0.0,0.1
1035,G Kessinger,3B,HOU,23,21,4,0,0,0,0,0,3,7,0,0,0.0,0.16,0.0,0.16
1036,C Kimbrel,P,BAL,57,0,0,0,0,0,0,0,0,0,0,0,0.0,0.0,0.0,0.0
1037,B King,P,HOU,28,0,0,0,0,0,0,0,0,0,0,0,0.0,0.0,0.0,0.0
1038,J King,P,STL,56,0,0,0,0,0,0,0,0,0,0,0,0.0,0.0,0.0,0.0
1039,T Kinley,P,COL,67,0,0,0,0,0,0,0,0,0,0,0,0.0,0.0,0.0,0.0
1040,A Kittredge,P,STL,74,0,0,0,0,0,0,0,0,0,0,0,0.0,0.0,0.0,0.0
1041,G Koch,C,PIT,3,7,1,0,0,0,0,0,1,6,0,0,0.0,0.125,0.0,0.125
1042,M Koch,P,COL,2,0,0,0,0,0,0,0,0,0,0,0,0.0,0.0,0.0,0.0
1043,M Kopech,P,CWS,43,0,0,0,0,0,0,0,0,0,0,0,0.0,0.0,0.0,0.0
1044,P Lambert,P,COL,28,0,0,0,0,0,0,0,0,0,0,0,0.0,0.0,0.0,0.0
1045,J Latz,P,TEX,46,0,0,0,0,0,0,0,0,0,0,0,0.0,0.0,0.0,0.0
1046,D Law,P,WSH,75,0,0,0,0,0,0,0,0,0,0,0,0.0,0.0,0.0,0.0
1047,J Lawrence,P,COL,56,0,0,0,0,0,0,0,0,0,0,0,0.0,0.0,0.0,0.0
1048,K Leahy,P,STL,33,0,0,0,0,0,0,0,0,0,0,0,0.0,0.0,0.0,0.0
1049,J Leclerc,P,TEX,64,0,0,0,0,0,0,0,0,0,0,0,0.0,0.0,0.0,0.0
1050,J López,P,NYM,28,0,0,0,0,0,0,0,0,0,0,0,0.0,0.0,0.0,0.0
1051,J Mantiply,P,AZ,75,0,0,0,0,0,0,0,0,0,0,0,0.0,0.0,0.0,0.0
1052,C Martin,P,BOS,45,0,0,0,0,0,0,0,0,0,0,0,0.0,0.0,0.0,0.0
1053,J Martinez,P,AZ,64,0,0,0,0,0,0,0,0,0,0,0,0.0,0.0,0.0,0.0
1054,N Maton,X,BAL,5,5,0,0,0,0,0,0,0,2,0,0,0.0,0.0,0.0,0.0
1055,J McArthur,P,KC,57,0,0,0,0,0,0,0,0,0,0,0,0.0,0.0,0.0,0.0
1056,S McGough,P,AZ,26,1,0,0,0,0,0,0,0,1,0,0,0.0,0.0,0.0,0.0
1057,N Mears,P,COL,41,0,0,0,0,0,0,0,0,0,0,0,0.0,0.0,0.0,0.0
1058,T Megill,P,MIL,48,0,0,0,0,0,0,0,0,0,0,0,0.0,0.0,0.0,0.0
1059,J Merryweather,P,CHC,15,0,0,0,0,0,0,0,0,0,0,0,0.0,0.0,0.0,0.0
1060,H Milner,P,MIL,61,0,0,0,0,0,0,0,0,0,0,0,0.0,0.0,0.0,0.0
1061,H Neris,P,CHC,46,0,0,0,0,0,0,0,0,0,0,0,0.0,0.0,0.0,0.0
1062,J Payamps,P,MIL,68,0,0,0,0,0,0,0,0,0,0,0,0.0,0.0,0.0,0.0
1063,E Peguero,P,MIL,52,0,0,0,0,0,0,0,0,0,0,0,0.0,0.0,0.0,0.0
1064,Z Penrod,P,BOS,7,0,0,0,0,0,0,0,0,0,0,0,0.0,0.0,0.0,0.0
1065,R Pressly,P,HOU,59,0,0,0,0,0,0,0,0,0,0,0,0.0,0.0,0.0,0.0
1066,A Puk,P,AZ,30,0,0,0,0,0,0,0,0,0,0,0,0.0,0.0,0.0,0.0
1067,J Quijada,P,LAA,22,0,0,0,0,0,0,0,0,0,0,0,0.0,0.0,0.0,0.0
1068,D Robertson,P,TEX,68,0,0,0,0,0,0,0,0,0,0,0,0.0,0.0,0.0,0.0
1069,Y Rodríguez,P,TEX,12,0,0,0,0,0,0,0,0,0,0,0,0.0,0.0,0.0,0.0
1070,C Roller,CF,MIL,1,1,0,0,0,0,0,0,0,1,0,0,0.0,0.0,0.0,0.0
1071,J Romero,P,STL,65,0,0,0,0,0,0,0,0,0,0,0,0.0,0.0,0.0,0.0
1072,P Sewald,P,AZ,42,0,0,0,0,0,0,0,0,0,0,0,0.0,0.0,0.0,0.0
1073,C Shugart,P,BOS,6,0,0,0,0,0,0,0,0,0,0,0,0.0,0.0,0.0,0.0
1074,L Sims,P,CIN,43,0,0,0,0,0,0,0,0,0,0,0,0.0,0.0,0.0,0.0
1075,K Smith,X,NYY,2,0,0,0,0,0,0,0,0,0,0,0,0.0,0.0,0.0,0.0
1076,R Stanek,P,SEA,46,0,0,0,0,0,0,0,0,0,0,0,0.0,0.0,0.0,0.0
1077,A Suárez,P,BAL,32,0,0,0,0,0,0,0,0,0,0,0,0.0,0.0,0.0,0.0
1078,R Thompson,P,AZ,67,0,0,0,0,0,0,0,0,0,0,0,0.0,0.0,0.0,0.0
1079,T Thornton,P,SEA,71,0,0,0,0,0,0,0,0,0,0,0,0.0,0.0,0.0,0.0
1080,J Ureña,P,TEX,33,0,0,0,0,0,0,0,0,0,0,0,0.0,0.0,0.0,0.0
1081,V Vodnik,P,COL,64,0,0,0,0,0,0,0,0,0,0,0,0.0,0.0,0.0,0.0
1082,A Voth,P,SEA,68,0,0,0,0,0,0,0,0,0,0,0,0.0,0.0,0.0,0.0
1083,J Webb,P,BAL,60,0,0,0,0,0,0,0,0,0,0,0,0.0,0.0,0.0,0.0
1084,M White,P,MIL,6,0,0,0,0,0,0,0,0,0,0,0,0.0,0.0,0.0,0.0
1085,O White,P,TEX,3,0,0,0,0,0,0,0,0,0,0,0,0.0,0.0,0.0,0.0
1086,J Wilson,P,CIN,60,0,0,0,0,0,0,0,0,0,0,0,0.0,0.0,0.0,0.0
1087,J Winckowski,P,BOS,40,0,0,0,0,0,0,0,0,0,0,0,0.0,0.0,0.0,0.0
1088,E Yang,X,CIN,1,1,0,0,0,0,0,0,0,1,0,0,0.0,0.0,0.0,0.0
1089,K Yates,P,TEX,61,0,0,0,0,0,0,0,0,0,0,0,0.0,0.0,0.0,0.0
1090,A Young,P,CIN,3,0,0,0,0,0,0,0,0,0,0,0,0.0,0.0,0.0,0.0
1091,G Zuñiga,P,LAA,15,0,0,0,0,0,0,0,0,0,0,0,0.0,0.0,0.0,0.0
